id,mag,longitude,latitude,date,Days since last eruption,vei,was_erupted,volcano_latitude,volcano_longitude
iscgem904821,6.6,-72.459,-40.535,1934-03-01,2616,,0.0,,
iscgem901785,7.8,-72.315,-36.305,1939-01-25,4407,,0.0,,
iscgem901645,7.0,-73.63,-42.041000000000004,1940-10-11,5032,,0.0,,
iscgem896480,6.9,-72.676,-37.665,1949-04-20,8145,,0.0,,
iscgem893991,6.2,-73.51899999999999,-38.589,1951-01-03,8768,,0.0,,
iscgem891664,7.5,-72.866,-37.093,1953-05-06,9622,,0.0,,
iscgem890888,6.3,-72.955,-41.233000000000004,1954-07-26,10068,,0.0,,
iscgem889793,6.1,-72.02600000000001,-40.8,1955-07-28,10435,,0.0,,
iscgem879106,8.1,-73.35300000000001,-37.824,1960-05-21,12194,,0.0,,
iscgem879111,6.2,-73.194,-37.364000000000004,1960-05-21,12194,,0.0,,
iscgem879126,5.8,-73.127,-37.975,1960-05-22,12195,,0.0,,
iscgem879127,7.1,-73.017,-37.775,1960-05-22,12195,,0.0,,
iscgem879128,6.8,-73.149,-37.86,1960-05-22,12195,,0.0,,
iscgem879123,5.8,-73.962,-38.064,1960-05-22,12195,,0.0,,
official19600522191120_30,9.5,-73.407,-38.143,1960-05-22,12195,,0.0,,
official19600522185602_30,7.8,-73.039,-38.061,1960-05-22,12195,,0.0,,
iscgem879149,6.5,-73.866,-38.543,1960-05-23,12196,,0.0,,
iscgemsup879184,6.2,-73.152,-37.859,1960-05-23,12196,,0.0,,
iscgem879175,6.4,-72.691,-38.162,1960-05-23,12196,,0.0,,
iscgem879166,6.2,-73.367,-41.57899999999999,1960-05-23,12196,,0.0,,
iscgem879303,6.0,-72.77,-37.713,1960-05-28,12201,,0.0,,
iscgem879315,6.3,-72.436,-37.689,1960-05-29,12202,,0.0,,
iscgem879317,5.9,-73.23,-37.749,1960-05-29,12202,,0.0,,
iscgem879348,6.1,-73.014,-37.895,1960-06-01,12205,,0.0,,
iscgem879577,7.0,-72.917,-38.154,1960-06-20,12224,,0.0,,
iscgem879581,6.9,-72.813,-39.071,1960-06-20,12224,,0.0,,
iscgem879719,5.8,-73.555,-38.534,1960-07-05,12239,1.0,1.0,-39.42,-71.93
iscgem880062,6.7,-74.783,-39.964,1960-08-13,39,,0.0,,
iscgem880534,5.8,-73.068,-38.323,1960-10-14,101,,0.0,,
iscgem880832,6.2,-74.788,-40.134,1960-11-22,140,,0.0,,
iscgem876371,6.2,-72.8,-38.258,1961-04-08,277,,0.0,,
iscgem876557,6.1,-72.848,-37.439,1961-05-11,310,,0.0,,
iscgem877550,6.6,-73.238,-36.738,1961-10-18,470,,0.0,,
iscgemsup877862,6.1,-73.88,-38.24,1961-12-24,537,,0.0,,
iscgem17291428,7.1,-72.885,-37.845,1962-02-14,589,,0.0,,
iscgem874301,6.2,-73.053,-37.732,1962-02-27,602,,0.0,,
iscgem874426,6.2,-73.986,-40.532,1962-03-26,629,,0.0,,
iscgem871787,6.4,-73.443,-38.437,1963-02-05,945,,0.0,,
iscgem871788,6.0,-73.465,-38.459,1963-02-06,946,,0.0,,
iscgem864939,6.4,-74.87100000000001,-41.121,1964-08-05,1492,,0.0,,
iscgem848349,6.3,-72.695,-38.231,1966-04-12,2107,,0.0,,
iscgem848355,5.9,-73.19800000000001,-38.194,1966-04-13,2108,,0.0,,
iscgem848610,5.9,-73.428,-37.656,1966-04-22,2117,,0.0,,
iscgem837800,5.7,-74.722,-40.17,1967-03-13,2442,,0.0,,
iscgem834296,5.7,-73.809,-41.394,1967-06-10,2531,,0.0,,
iscgem787485,5.7,-73.27600000000001,-36.775,1971-02-18,3880,,0.0,,
iscgem784207,6.0,-71.793,-42.229,1971-05-08,3959,,0.0,,
usp0000064,4.9,-73.388,-38.02,1973-01-17,4579,,0.0,,
usp00000xa,4.5,-73.699,-37.177,1973-03-12,4633,,0.0,,
usp0000104,4.7,-73.266,-38.147,1973-03-20,4641,,0.0,,
usp0000189,5.0,-74.627,-39.62,1973-04-05,4657,,0.0,,
usp000018a,4.8,-74.683,-40.72,1973-04-05,4657,,0.0,,
usp00002xp,5.5,-73.37899999999999,-37.65,1973-07-31,4774,,0.0,,
usp00002xq,4.4,-73.077,-37.547,1973-07-31,4774,,0.0,,
usp00002zx,4.8,-71.911,-38.227,1973-08-05,4779,,0.0,,
usp00003f7,4.6,-73.645,-37.8,1973-09-17,4822,,0.0,,
usp000042t,4.2,-74.66199999999999,-38.467,1973-11-07,4873,,0.0,,
usp000047d,5.0,-72.918,-39.997,1973-11-20,4886,,0.0,,
usp00005cb,4.0,-73.643,-36.876,1974-02-21,4979,,0.0,,
usp00006yj,4.7,-70.384,-38.143,1974-06-30,5108,,0.0,,
usp000075p,4.3,-72.24600000000001,-39.221,1974-07-15,5123,,0.0,,
usp00007b5,4.6,-72.89399999999999,-36.316,1974-07-27,5135,,0.0,,
usp00007hp,4.9,-73.548,-37.246,1974-08-09,5148,,0.0,,
usp00007nz,7.1,-73.431,-38.453,1974-08-18,5157,,0.0,,
usp00007p1,4.5,-74.244,-38.498000000000005,1974-08-18,5157,,0.0,,
usp00007tb,5.4,-73.387,-38.341,1974-08-27,5166,,0.0,,
usp00007ym,5.2,-73.72399999999999,-38.321,1974-09-07,5177,,0.0,,
usp00007yx,4.7,-73.774,-38.327,1974-09-08,5178,,0.0,,
usp00007z0,4.6,-73.477,-38.254,1974-09-08,5178,,0.0,,
usp0000801,4.6,-73.17399999999999,-38.236999999999995,1974-09-11,5181,,0.0,,
usp00008ns,4.7,-73.042,-38.209,1974-11-03,5234,,0.0,,
usp000090x,4.7,-73.331,-38.056,1974-12-06,5267,,0.0,,
usp000094s,4.0,-73.567,-38.775,1974-12-15,5276,,0.0,,
usp00009c1,5.4,-73.12899999999999,-38.305,1975-01-01,5293,,0.0,,
usp0000azb,4.8,-73.445,-38.082,1975-05-10,5422,,0.0,,
usp0000aza,5.2,-73.072,-37.93,1975-05-10,5422,,0.0,,
usp0000az9,7.7,-73.232,-38.183,1975-05-10,5422,,0.0,,
usp0000azd,4.6,-73.70100000000001,-37.927,1975-05-11,5423,,0.0,,
usp0000aze,4.0,-73.344,-37.824,1975-05-11,5423,,0.0,,
usp0000azq,4.9,-72.801,-37.963,1975-05-11,5423,,0.0,,
usp0000azr,4.3,-72.58,-37.949,1975-05-11,5423,,0.0,,
usp0000azy,4.1,-73.375,-37.858000000000004,1975-05-11,5423,,0.0,,
usp0000azz,4.6,-73.10300000000001,-37.938,1975-05-11,5423,,0.0,,
usp0000b0d,4.2,-72.847,-37.889,1975-05-12,5424,,0.0,,
usp0000b0b,4.3,-73.331,-37.853,1975-05-12,5424,,0.0,,
usp0000b0k,4.7,-73.27199999999999,-38.096,1975-05-13,5425,,0.0,,
usp0000b1f,5.0,-72.618,-38.089,1975-05-14,5426,,0.0,,
usp0000b12,4.1,-73.131,-38.010999999999996,1975-05-14,5426,,0.0,,
usp0000b1q,4.7,-73.336,-38.201,1975-05-15,5427,,0.0,,
usp0000b4f,5.0,-73.92699999999999,-37.965,1975-05-22,5434,,0.0,,
usp0000b54,4.6,-73.907,-37.951,1975-05-23,5435,,0.0,,
usp0000b57,4.8,-72.73100000000001,-38.027,1975-05-23,5435,,0.0,,
usp0000b5b,4.7,-73.078,-38.003,1975-05-24,5436,,0.0,,
usp0000b7e,5.8,-73.417,-37.926,1975-05-28,5440,,0.0,,
usp0000b7q,4.7,-73.515,-37.897,1975-05-29,5441,,0.0,,
usp0000bpt,4.6,-73.058,-37.959,1975-06-22,5465,,0.0,,
usp0000bz3,5.0,-73.766,-37.891,1975-07-11,5484,,0.0,,
usp0000c1s,4.8,-73.757,-38.216,1975-07-19,5492,,0.0,,
usp0000chv,4.1,-73.12899999999999,-36.302,1975-08-21,5525,,0.0,,
usp0000cp7,5.1,-71.904,-41.645,1975-09-02,5537,,0.0,,
usp0000ctg,4.8,-73.298,-42.236000000000004,1975-09-15,5550,,0.0,,
usp0000d6v,4.5,-72.57300000000001,-38.628,1975-10-20,5585,,0.0,,
usp0000d7p,4.8,-74.865,-38.576,1975-10-21,5586,,0.0,,
usp0000dxr,4.6,-73.102,-38.275,1975-12-16,5642,,0.0,,
usp0000ebc,4.7,-70.309,-38.34,1976-01-07,5664,,0.0,,
usp0000ex2,4.2,-74.175,-36.281,1976-02-04,5692,,0.0,,
usp0000f8q,6.0,-74.727,-39.999,1976-02-28,5716,,0.0,,
usp0000fjv,4.1,-72.972,-38.703,1976-03-22,5739,,0.0,,
usp0000gfx,5.0,-71.48899999999999,-36.132,1976-05-22,5800,,0.0,,
usp0000hg3,5.0,-74.781,-39.052,1976-07-23,5862,,0.0,,
usp0000hrb,4.1,-72.895,-37.529,1976-08-06,5876,,0.0,,
usp0000j2s,4.5,-72.618,-37.99,1976-08-28,5898,,0.0,,
usp0000jqz,5.1,-73.28399999999999,-38.357,1976-10-02,5933,,0.0,,
usp0000jv3,5.1,-73.096,-36.504,1976-10-13,5944,,0.0,,
usp0000mcq,4.8,-73.506,-38.184,1977-01-28,6051,1.0,1.0,-39.42,-71.93
usp0000mdp,4.7,-74.05,-38.62,1977-01-30,2,1.0,1.0,-39.42,-71.93
usp0000mg7,4.5,-73.529,-38.058,1977-02-06,7,1.0,1.0,-39.42,-71.93
usp0000r6f,4.4,-72.15899999999999,-37.038000000000004,1977-10-23,259,,0.0,,
usp0000sb5,5.5,-71.096,-38.137,1978-01-02,330,,0.0,,
usp0000u3s,4.8,-72.008,-37.643,1978-04-15,433,,0.0,,
usp0000uka,4.5,-69.686,-36.436,1978-05-17,465,,0.0,,
usp0000v3u,4.8,-73.594,-39.516,1978-06-17,496,,0.0,,
usp0000wmy,4.6,-73.013,-37.948,1978-09-20,591,,0.0,,
usp0000wzb,4.4,-72.88,-37.707,1978-10-12,613,,0.0,,
usp0000xs4,4.8,-72.316,-39.931,1978-12-05,667,,0.0,,
usp0000y0r,5.7,-72.46300000000001,-36.286,1978-12-21,683,,0.0,,
usp0000yyb,4.7,-70.914,-38.915,1979-02-21,745,,0.0,,
usp0001050,4.5,-72.134,-40.266999999999996,1979-04-19,802,,0.0,,
usp0001084,4.8,-71.863,-40.113,1979-04-23,806,,0.0,,
usp000108t,4.2,-74.85600000000001,-38.928000000000004,1979-04-24,807,,0.0,,
usp000109h,5.1,-72.247,-39.009,1979-04-25,808,,0.0,,
usp00010eb,4.2,-72.339,-40.069,1979-05-04,817,,0.0,,
usp00011ed,5.1,-71.943,-36.428000000000004,1979-06-19,863,,0.0,,
usp00011gv,4.5,-73.781,-37.254,1979-06-24,868,,0.0,,
usp00011pb,4.7,-73.656,-37.14,1979-07-03,877,,0.0,,
usp00011v3,4.5,-73.589,-36.844,1979-07-14,888,,0.0,,
usp00013a9,4.8,-71.516,-36.101,1979-10-08,974,,0.0,,
usp00013qq,4.2,-72.907,-36.711999999999996,1979-10-27,993,,0.0,,
usp00014qe,5.6,-71.34100000000001,-36.003,1979-12-26,1053,,0.0,,
usp00015a3,4.8,-73.13600000000001,-37.19,1980-02-03,1092,,0.0,,
usp00016b6,5.2,-73.49600000000001,-37.93,1980-03-29,1147,,0.0,,
usp0001746,4.9,-73.65899999999999,-37.926,1980-05-09,1188,,0.0,,
usp000174q,4.8,-73.548,-37.922,1980-05-10,1189,,0.0,,
usp0001757,4.9,-73.73899999999999,-37.741,1980-05-10,1189,,0.0,,
usp00017sk,4.6,-73.322,-38.064,1980-05-29,1208,,0.0,,
usp0001838,4.9,-73.067,-38.248000000000005,1980-06-10,1220,,0.0,,
usp00019kk,5.4,-73.10300000000001,-39.664,1980-08-29,1300,,0.0,,
usp0001bg6,5.2,-73.045,-36.424,1980-12-27,1420,,0.0,,
usp0001bu3,5.0,-73.046,-38.219,1981-01-20,1444,,0.0,,
usp0001bu2,5.1,-73.205,-38.27,1981-01-20,1444,,0.0,,
usp0001ekj,4.4,-73.018,-36.518,1981-07-09,1614,,0.0,,
usp0001es0,4.6,-73.425,-37.411,1981-07-17,1622,,0.0,,
usp0001ez3,5.5,-73.204,-41.574,1981-07-28,1633,,0.0,,
usp0001f1p,4.6,-70.842,-37.094,1981-07-31,1636,,0.0,,
usp0001fzd,5.6,-74.808,-39.080999999999996,1981-09-19,1686,,0.0,,
usp0001gmf,4.5,-73.164,-37.571,1981-10-23,1720,,0.0,,
usp0001h5x,4.5,-70.506,-36.495,1981-11-28,1756,,0.0,,
usp0001heb,5.2,-71.361,-36.284,1981-12-15,1773,,0.0,,
usp0001jj0,5.1,-73.393,-37.339,1982-02-09,1829,,0.0,,
usp0001jj5,4.8,-73.312,-37.479,1982-02-09,1829,,0.0,,
usp0001kkr,4.8,-72.422,-36.817,1982-04-08,1887,,0.0,,
usp0001m13,4.9,-73.79,-37.811,1982-04-30,1909,,0.0,,
usp0001mmm,5.4,-70.34100000000001,-42.873999999999995,1982-06-01,1941,,0.0,,
usp0001nuz,5.0,-73.01100000000001,-37.628,1982-08-05,2006,,0.0,,
usp0001qx4,3.8,-73.583,-36.871,1982-11-14,2107,,0.0,,
usp0001r4m,4.8,-70.88,-36.505,1982-11-26,2119,,0.0,,
usp0001sed,5.0,-72.308,-40.948,1983-01-20,2174,,0.0,,
usp0001tdc,5.1,-72.952,-36.804,1983-03-01,2214,,0.0,,
usp0001ude,5.9,-74.531,-39.723,1983-04-13,2257,,0.0,,
usp0001v6h,6.0,-74.90899999999999,-40.93,1983-05-09,2283,,0.0,,
usp0001vew,4.7,-74.65100000000001,-40.696,1983-05-17,2291,,0.0,,
usp0001x7y,4.6,-71.57600000000001,-36.080999999999996,1983-07-31,2366,,0.0,,
usp0001ybf,5.4,-73.098,-36.424,1983-09-14,2411,,0.0,,
usp0001ze4,5.1,-74.86399999999999,-40.241,1983-10-30,2457,1.0,1.0,-39.42,-71.93
usp00020pn,5.2,-74.527,-38.227,1983-12-21,52,,0.0,,
usp00020rm,5.4,-73.406,-37.760999999999996,1983-12-23,54,,0.0,,
usp0002268,5.2,-72.47399999999999,-36.111999999999995,1984-02-22,115,,0.0,,
usp00022xz,4.5,-72.226,-38.762,1984-03-24,146,,0.0,,
usp00023g1,4.4,-72.309,-39.086999999999996,1984-04-12,165,,0.0,,
usp00027c9,4.4,-73.616,-37.126,1984-09-13,319,,0.0,,
usp00028b0,4.3,-71.95,-40.358000000000004,1984-10-20,356,,0.0,,
usp00028fb,4.2,-72.956,-39.874,1984-10-24,360,,0.0,,
usp00029mv,4.6,-71.411,-40.439,1984-11-30,397,,0.0,,
usp00029sy,5.2,-73.594,-37.705999999999996,1984-12-05,402,,0.0,,
usp00029w5,4.0,-73.148,-38.535,1984-12-08,405,,0.0,,
usp0002cer,3.7,-73.869,-41.67100000000001,1985-03-04,491,,0.0,,
usp0002dmm,4.3,-70.995,-36.996,1985-04-09,527,,0.0,,
usp0002dnu,4.5,-72.101,-38.26,1985-04-10,528,,0.0,,
usp0002f3t,4.5,-73.141,-36.264,1985-05-23,571,,0.0,,
usp0002ff0,4.5,-73.60300000000001,-37.769,1985-06-02,581,,0.0,,
usp0002few,5.9,-73.653,-37.728,1985-06-02,581,,0.0,,
usp0002fjh,4.2,-73.317,-37.92,1985-06-05,584,,0.0,,
usp0002fk6,4.0,-73.086,-37.494,1985-06-06,585,,0.0,,
usp0002fss,5.0,-72.339,-36.536,1985-06-13,592,,0.0,,
usp0002fus,5.4,-74.953,-40.766999999999996,1985-06-14,593,,0.0,,
usp0002g0j,4.7,-73.108,-36.554,1985-06-20,599,,0.0,,
usp0002hdh,4.6,-73.752,-39.691,1985-08-05,645,,0.0,,
usp0002hgg,4.5,-74.342,-36.096,1985-08-08,648,,0.0,,
usp0002hmc,6.2,-73.495,-38.378,1985-08-12,652,,0.0,,
usp0002hms,4.4,-73.59,-38.407,1985-08-12,652,,0.0,,
usp0002hmm,4.5,-73.679,-38.628,1985-08-12,652,,0.0,,
usp0002hmh,4.6,-73.639,-38.335,1985-08-12,652,,0.0,,
usp0002hpk,4.4,-73.408,-38.361999999999995,1985-08-13,653,,0.0,,
usp0002jvg,4.9,-71.411,-39.354,1985-09-18,689,,0.0,,
usp0002k16,4.1,-73.547,-39.602,1985-09-23,694,,0.0,,
usp0002kcm,4.6,-70.781,-39.992,1985-10-02,703,,0.0,,
usp0002mc3,4.8,-72.658,-38.888000000000005,1985-11-01,733,,0.0,,
usp0002mgu,5.3,-74.91,-40.501999999999995,1985-11-06,738,,0.0,,
usp0002muv,4.7,-73.111,-37.624,1985-11-16,748,,0.0,,
usp0002pd4,4.4,-74.518,-38.834,1985-12-25,787,,0.0,,
usp0002qvq,5.3,-71.304,-36.11,1986-02-09,833,,0.0,,
usp0002qxs,4.5,-72.035,-36.321999999999996,1986-02-12,836,,0.0,,
usp0002s0x,4.6,-74.873,-40.066,1986-03-21,873,,0.0,,
usp0002su6,4.5,-74.956,-37.431999999999995,1986-04-11,894,,0.0,,
usp0002tw7,4.4,-71.664,-36.6,1986-05-11,924,,0.0,,
usp0002uhk,4.6,-73.692,-36.691,1986-05-28,941,,0.0,,
usp0002v5n,5.2,-73.402,-42.049,1986-06-18,962,,0.0,,
usp0002w1p,5.1,-74.675,-37.85,1986-07-15,989,,0.0,,
usp0002wau,4.1,-70.658,-36.88,1986-07-21,995,,0.0,,
usp0002xuq,5.4,-71.814,-37.073,1986-09-05,1041,,0.0,,
usp0002yfh,4.0,-72.774,-37.694,1986-09-28,1064,,0.0,,
usp0003047,4.3,-70.205,-36.303000000000004,1986-11-18,1115,,0.0,,
usp000314y,4.9,-74.992,-38.654,1986-12-25,1152,,0.0,,
usp000321d,3.6,-73.68,-37.704,1987-01-30,1188,,0.0,,
usp000324r,4.6,-73.943,-37.273,1987-02-02,1191,,0.0,,
usp0003259,5.2,-72.97,-37.769,1987-02-03,1192,,0.0,,
usp000325b,5.9,-72.893,-37.75,1987-02-03,1192,,0.0,,
usp00032gj,4.7,-73.625,-37.433,1987-02-15,1204,,0.0,,
usp00034uk,4.6,-73.22800000000001,-37.935,1987-05-09,1287,,0.0,,
usp000352h,4.4,-74.372,-37.09,1987-05-17,1295,,0.0,,
usp000373g,5.2,-72.546,-40.542,1987-07-31,1370,,0.0,,
usp000378a,5.4,-73.189,-40.469,1987-08-04,1374,,0.0,,
usp00037ms,4.2,-70.546,-36.952,1987-08-19,1389,,0.0,,
usp0003837,3.4,-72.66199999999999,-36.504,1987-09-04,1405,,0.0,,
usp0003912,5.1,-74.781,-41.168,1987-10-06,1437,,0.0,,
usp0003961,5.3,-73.03399999999999,-36.367,1987-10-11,1442,,0.0,,
usp00039q4,4.9,-72.773,-38.388000000000005,1987-10-28,1459,,0.0,,
usp0003cym,4.8,-71.19800000000001,-39.957,1988-02-11,1565,,0.0,,
usp0003dd7,4.8,-73.274,-41.467,1988-02-27,1581,,0.0,,
usp0003fdj,4.2,-71.55,-36.156,1988-04-26,1640,,0.0,,
usp0003jwy,5.0,-72.395,-36.467,1988-08-12,1748,,0.0,,
usp0003k7x,5.0,-73.795,-37.36,1988-08-21,1757,,0.0,,
usp0003kj2,4.6,-73.938,-37.207,1988-08-31,1767,,0.0,,
usp0003muk,4.5,-74.285,-40.311,1988-10-15,1812,,0.0,,
usp0003nja,4.8,-72.808,-37.869,1988-11-05,1833,,0.0,,
usp0003njb,4.3,-73.331,-38.071,1988-11-05,1833,,0.0,,
usp0003nqz,4.1,-73.382,-37.126999999999995,1988-11-09,1837,,0.0,,
usp0003q2y,4.2,-72.667,-37.849000000000004,1988-12-22,1880,,0.0,,
usp0003q38,4.7,-71.729,-38.224000000000004,1988-12-22,1880,,0.0,,
usp0003q56,4.6,-71.351,-38.354,1988-12-24,1882,,0.0,,
usp0003q57,4.2,-72.595,-37.876999999999995,1988-12-24,1882,,0.0,,
usp0003q5s,4.8,-71.472,-38.385,1988-12-25,1883,,0.0,,
usp0003q98,4.7,-71.28,-38.304,1988-12-28,1886,,0.0,,
usp0003quu,4.6,-71.402,-38.481,1989-01-13,1902,,0.0,,
usp0003qua,4.3,-71.707,-38.681999999999995,1989-01-13,1902,,0.0,,
usp0003qu3,5.0,-71.473,-38.531,1989-01-13,1902,,0.0,,
usp0003s9e,5.3,-71.15100000000001,-38.287,1989-02-24,1944,,0.0,,
usp0003snm,4.8,-73.441,-42.18600000000001,1989-03-06,1954,,0.0,,
usp0003urz,5.1,-73.589,-41.736999999999995,1989-05-02,2011,,0.0,,
usp0003w2b,4.9,-74.623,-40.048,1989-06-07,2047,,0.0,,
usp0003wc9,5.6,-74.67399999999999,-40.494,1989-06-17,2057,,0.0,,
usp0003xqb,4.5,-73.027,-38.222,1989-07-26,2096,,0.0,,
usp0003z0z,4.6,-71.5,-40.881,1989-08-29,2130,,0.0,,
usp0003z35,5.4,-71.678,-41.85,1989-08-31,2132,,0.0,,
usp0003zqq,4.7,-72.28699999999999,-39.771,1989-09-18,2150,,0.0,,
usp00044tb,5.0,-74.425,-38.321,1990-01-27,2281,,0.0,,
usp00047du,5.1,-73.117,-37.881,1990-04-03,2347,,0.0,,
usp00047e9,4.6,-72.876,-37.802,1990-04-04,2348,,0.0,,
usp0004892,6.3,-73.303,-36.985,1990-04-21,2365,,0.0,,
usp00048ac,5.2,-73.334,-36.972,1990-04-22,2366,,0.0,,
usp00048b7,5.7,-73.3,-37.977,1990-04-22,2366,,0.0,,
usp0004m1e,5.1,-73.342,-38.219,1991-01-22,2641,,0.0,,
usp0004mdp,4.9,-72.694,-36.166,1991-02-01,2651,,0.0,,
usp0004n7h,4.8,-71.03699999999999,-37.779,1991-02-21,2671,,0.0,,
usp0004na5,4.3,-74.122,-36.080999999999996,1991-02-23,2673,,0.0,,
usp0004p40,4.6,-70.851,-36.037,1991-03-16,2694,,0.0,,
usp0004pfq,4.8,-72.959,-38.07,1991-03-24,2702,,0.0,,
usp0004rrv,5.2,-70.59100000000001,-36.573,1991-05-17,2756,,0.0,,
usp0004rt2,5.4,-74.786,-39.972,1991-05-18,2757,,0.0,,
usp0004s5z,4.9,-72.789,-40.116,1991-05-28,2767,,0.0,,
usp0004sep,5.6,-74.801,-40.022,1991-06-03,2773,,0.0,,
usp0004uuv,4.4,-71.872,-37.1,1991-07-31,2831,,0.0,,
usp0004uuy,4.7,-72.123,-40.475,1991-08-01,2832,,0.0,,
usp0004vv8,4.7,-70.597,-38.047,1991-08-25,2856,,0.0,,
usp0004ywr,4.2,-74.003,-36.387,1991-11-07,2930,,0.0,,
usp000514d,4.3,-71.436,-36.008,1991-12-29,2982,,0.0,,
usp00051z0,4.2,-74.123,-36.242,1992-01-19,3003,,0.0,,
usp00052pe,5.2,-74.518,-40.416,1992-02-06,3021,,0.0,,
usp0005437,4.2,-71.583,-36.080999999999996,1992-03-10,3054,,0.0,,
usp00055yd,4.5,-72.166,-40.137,1992-04-18,3093,,0.0,,
usp00056bn,4.0,-71.18,-36.608000000000004,1992-04-24,3099,,0.0,,
usp00058kk,4.3,-72.665,-36.219,1992-06-02,3138,,0.0,,
usp0005et3,5.5,-74.911,-39.035,1992-10-01,3259,1.0,1.0,-39.42,-71.93
usp0005g3g,4.0,-71.952,-36.356,1992-10-30,29,,0.0,,
usp0005h7p,4.4,-72.025,-38.152,1992-11-22,52,,0.0,,
usp0005nqz,5.1,-71.546,-39.075,1993-02-27,149,,0.0,,
usp0005p6y,5.3,-73.247,-39.891999999999996,1993-03-09,159,,0.0,,
usp0005pnc,5.6,-74.939,-37.691,1993-03-17,167,,0.0,,
usp0005qvq,4.8,-73.442,-36.816,1993-04-08,189,,0.0,,
usp0005r1a,4.9,-73.33800000000001,-36.580999999999996,1993-04-11,192,,0.0,,
usp0005zpy,5.2,-72.743,-41.265,1993-09-03,337,,0.0,,
usp00063e1,4.5,-70.67,-36.389,1993-11-09,404,,0.0,,
usp00065p8,4.2,-70.03699999999999,-36.175,1993-12-26,451,,0.0,,
usp000686r,5.0,-73.568,-37.829,1994-02-08,495,,0.0,,
usp00069md,4.6,-73.305,-37.465,1994-03-12,527,,0.0,,
usp0006bse,5.6,-74.756,-39.312,1994-04-28,574,,0.0,,
usp0006c16,3.8,-69.218,-36.128,1994-05-04,580,,0.0,,
usp0006hhx,4.2,-72.616,-36.596,1994-08-26,694,,0.0,,
usp0006md0,6.0,-70.811,-39.187,1994-10-20,749,1.0,1.0,-39.42,-71.93
usp0006nt5,4.3,-72.259,-36.093,1994-11-17,28,,0.0,,
usp0006pyn,4.4,-71.82,-39.223,1994-12-12,53,,0.0,,
usp0006q8c,4.5,-74.042,-39.346,1994-12-20,61,,0.0,,
usp0006qrk,4.9,-71.03699999999999,-41.625,1995-01-02,74,,0.0,,
usp0006s06,4.4,-73.042,-37.347,1995-01-28,100,,0.0,,
usp0006t7x,4.4,-72.468,-39.736,1995-02-20,123,,0.0,,
usp0006u0q,4.3,-73.293,-36.18,1995-03-10,141,,0.0,,
usp0006u5y,5.1,-73.368,-37.913000000000004,1995-03-14,145,,0.0,,
usp0006uk7,5.5,-72.956,-36.266999999999996,1995-03-22,153,,0.0,,
usp0006um3,5.5,-72.964,-36.272,1995-03-23,154,,0.0,,
usp0006ukq,4.6,-73.855,-36.522,1995-03-23,154,,0.0,,
usp0006uwb,4.3,-73.562,-36.649,1995-03-29,160,,0.0,,
usp0006vx0,4.3,-72.918,-36.361,1995-04-19,181,1.0,1.0,-39.42,-71.93
usp0006wtv,4.4,-68.22,-37.305,1995-05-04,15,1.0,1.0,-39.42,-71.93
usp0006xbq,4.4,-74.584,-36.059,1995-05-14,10,1.0,1.0,-39.42,-71.93
usp00070eu,4.3,-71.327,-36.407,1995-07-10,57,,0.0,,
usp00070fj,3.8,-71.253,-36.977,1995-07-11,58,,0.0,,
usp00072ba,4.1,-71.529,-39.218,1995-08-24,102,,0.0,,
usp00072m5,3.9,-70.81,-36.897,1995-08-29,107,,0.0,,
usp00072xb,4.5,-72.118,-40.418,1995-09-05,114,,0.0,,
usp000742j,3.4,-71.641,-36.001999999999995,1995-09-27,136,,0.0,,
usp000750u,4.0,-73.057,-38.446,1995-10-12,151,,0.0,,
usp00076je,3.6,-70.64399999999999,-36.528,1995-11-09,179,,0.0,,
usp00076wt,4.1,-72.64,-36.672,1995-11-15,185,,0.0,,
usp00077p1,3.8,-73.206,-36.498000000000005,1995-11-28,198,,0.0,,
usp00078c0,4.8,-73.727,-36.961999999999996,1995-12-05,205,,0.0,,
usp00078zx,4.2,-72.506,-38.524,1995-12-14,214,,0.0,,
usp000795c,4.0,-70.72800000000001,-36.49,1995-12-17,217,,0.0,,
usp000794t,4.3,-72.992,-36.623000000000005,1995-12-17,217,,0.0,,
usp00079z6,4.2,-72.024,-40.6,1996-01-01,232,,0.0,,
usp0007ct0,4.6,-72.04,-36.159,1996-02-12,274,1.0,1.0,-39.42,-71.93
usp0007emc,5.4,-71.888,-42.184,1996-03-11,28,,0.0,,
usp0007fc8,3.9,-70.331,-38.757,1996-03-27,44,,0.0,,
usp0007fyy,4.4,-71.67,-36.510999999999996,1996-04-09,57,,0.0,,
usp0007gmp,4.5,-71.529,-37.31,1996-04-26,74,,0.0,,
usp0007gv0,4.8,-71.143,-36.202,1996-05-02,80,,0.0,,
usp0007m5t,3.5,-71.608,-36.586,1996-07-17,156,,0.0,,
usp0007nf8,3.9,-71.351,-36.143,1996-08-12,182,,0.0,,
usp0007nkf,5.2,-73.587,-42.547,1996-08-14,184,,0.0,,
usp0007r3u,3.1,-70.432,-36.233000000000004,1996-10-08,239,1.0,1.0,-39.42,-71.93
usp0007vjk,3.9,-71.883,-36.157,1997-01-06,90,,0.0,,
usp0007wfy,3.8,-71.316,-36.56,1997-01-29,113,,0.0,,
usp0007wt3,3.6,-70.745,-37.586,1997-02-05,120,,0.0,,
usp00082a1,3.7,-71.47399999999999,-37.946999999999996,1997-05-14,218,,0.0,,
usp00086yf,4.1,-73.337,-36.26,1997-08-31,327,,0.0,,
usp00087sr,4.3,-72.391,-37.054,1997-09-20,347,,0.0,,
usp00089aq,4.9,-70.30199999999999,-36.31,1997-10-19,376,,0.0,,
usp0008c52,3.5,-74.943,-37.531,1997-12-07,425,,0.0,,
usp0008cfm,3.6,-70.49600000000001,-37.516999999999996,1997-12-11,429,,0.0,,
usp0008cv1,5.2,-73.039,-41.818999999999996,1997-12-18,436,,0.0,,
usp0008d4g,4.4,-73.07,-37.971,1997-12-24,442,,0.0,,
usp0008era,3.2,-70.53399999999999,-36.118,1998-01-21,470,,0.0,,
usp0008faa,4.3,-72.807,-36.339,1998-02-01,481,,0.0,,
usp0008hg6,3.6,-72.983,-36.301,1998-03-14,522,1.0,1.0,-39.42,-71.93
usp0008hya,3.8,-72.55199999999999,-37.062,1998-03-24,10,1.0,1.0,-39.42,-71.93
usp0008jdq,6.7,-74.874,-40.316,1998-04-01,8,,0.0,,
usp0008jf9,4.8,-74.863,-40.086,1998-04-02,9,,0.0,,
usp0008je2,4.1,-71.476,-37.188,1998-04-02,9,,0.0,,
usp0008jj2,4.7,-74.87100000000001,-39.833,1998-04-04,11,,0.0,,
usp0008jhw,4.7,-74.895,-39.746,1998-04-04,11,,0.0,,
usp0008ksp,4.7,-73.514,-37.816,1998-04-22,29,,0.0,,
usp0008m7n,3.4,-72.27,-36.391,1998-05-01,38,,0.0,,
usp0008mjt,4.0,-72.029,-36.34,1998-05-06,43,,0.0,,
usp0008mz7,3.6,-71.808,-36.039,1998-05-13,50,,0.0,,
usp0008n2s,4.8,-73.06,-37.781,1998-05-14,51,,0.0,,
usp0008p7y,3.9,-74.01899999999999,-36.858000000000004,1998-06-03,71,,0.0,,
usp0008peg,5.3,-73.199,-36.562,1998-06-06,74,,0.0,,
usp0008q3e,4.7,-74.88,-39.921,1998-06-18,86,,0.0,,
usp0008q8h,3.3,-74.594,-37.503,1998-06-21,89,,0.0,,
usp0008qmt,4.5,-73.785,-38.236,1998-06-28,96,,0.0,,
usp0008qs9,3.0,-70.547,-36.106,1998-07-01,99,,0.0,,
usp0008qsh,2.9,-71.96,-36.789,1998-07-01,99,,0.0,,
usp0008r5b,4.7,-73.094,-36.836999999999996,1998-07-08,106,,0.0,,
usp0008rcv,2.7,-71.389,-36.222,1998-07-12,110,,0.0,,
usp0008rwy,3.5,-71.745,-36.215,1998-07-20,118,,0.0,,
usp0008s57,4.4,-71.998,-36.195,1998-07-25,123,,0.0,,
usp0008s5r,4.4,-72.61399999999999,-36.047,1998-07-25,123,,0.0,,
usp0008s9c,3.4,-72.046,-36.330999999999996,1998-07-28,126,,0.0,,
usp0008tr3,3.3,-71.376,-36.63,1998-08-23,152,,0.0,,
usp0008ugw,3.8,-72.308,-36.204,1998-09-06,166,,0.0,,
usp0008uv4,4.1,-72.189,-36.31,1998-09-13,173,,0.0,,
usp0008w3p,4.6,-71.263,-40.005,1998-10-06,196,,0.0,,
usp0008wgp,4.4,-73.396,-41.736000000000004,1998-10-14,204,,0.0,,
usp0008whr,4.1,-74.258,-37.558,1998-10-15,205,,0.0,,
usp0008wk7,4.2,-71.792,-38.623000000000005,1998-10-16,206,,0.0,,
usp0008x2t,3.9,-71.732,-36.599000000000004,1998-10-26,216,,0.0,,
usp0008xf9,3.5,-72.183,-37.034,1998-11-02,223,,0.0,,
usp0008ykw,4.4,-74.477,-38.993,1998-11-22,243,,0.0,,
usp0008ywc,4.2,-73.938,-42.22,1998-11-29,250,,0.0,,
usp0008zmf,6.0,-71.033,-38.214,1998-12-14,265,,0.0,,
usp0008zwr,3.5,-71.785,-36.376999999999995,1998-12-20,271,,0.0,,
usp000903a,4.4,-70.566,-36.888000000000005,1998-12-24,275,,0.0,,
usp0009071,5.6,-74.84899999999999,-40.746,1998-12-26,277,,0.0,,
usp0009095,4.0,-72.03399999999999,-37.205999999999996,1998-12-28,279,,0.0,,
usp00090s8,3.6,-71.499,-36.15,1999-01-07,289,,0.0,,
usp00091tr,4.5,-71.938,-40.466,1999-01-27,309,,0.0,,
usp000935s,4.8,-74.896,-38.943000000000005,1999-02-21,334,,0.0,,
usp0009597,5.5,-71.747,-40.045,1999-03-27,368,,0.0,,
usp0009683,4.4,-73.348,-40.951,1999-04-13,385,,0.0,,
usp0009692,4.7,-70.71600000000001,-39.617,1999-04-14,386,,0.0,,
usp00096d3,4.3,-71.92,-37.396,1999-04-16,388,,0.0,,
usp00096jc,3.7,-71.571,-36.775999999999996,1999-04-19,391,,0.0,,
usp00096qc,3.5,-71.259,-36.434,1999-04-22,394,,0.0,,
usp00097x0,4.7,-73.612,-36.828,1999-05-14,416,,0.0,,
usp000981a,2.8,-71.47800000000001,-36.124,1999-05-15,417,,0.0,,
usp00098ga,5.3,-70.476,-36.783,1999-05-22,424,,0.0,,
usp00098ma,3.8,-71.329,-36.927,1999-05-23,425,,0.0,,
usp00099k0,4.3,-71.19800000000001,-36.058,1999-06-09,442,,0.0,,
usp0009ajk,4.4,-71.939,-37.374,1999-06-26,459,,0.0,,
usp0009cak,4.5,-72.85,-36.993,1999-07-30,493,,0.0,,
usp0009ch7,3.5,-72.914,-37.45,1999-08-02,496,,0.0,,
usp0009dfz,6.4,-74.756,-40.509,1999-08-22,516,,0.0,,
usp0009dpk,4.5,-75.0,-40.652,1999-08-26,520,,0.0,,
usp0009e8s,4.9,-74.77600000000001,-40.508,1999-09-10,535,,0.0,,
usp0009f3q,4.4,-70.92,-38.975,1999-09-27,552,,0.0,,
usp0009f96,4.8,-74.584,-39.202,1999-10-01,556,,0.0,,
usp0009h23,3.8,-73.447,-37.992,1999-11-03,589,,0.0,,
usp0009h1q,4.9,-73.525,-37.999,1999-11-03,589,,0.0,,
usp0009h1r,3.7,-73.538,-37.979,1999-11-03,589,,0.0,,
usp0009h1m,3.6,-73.488,-37.99,1999-11-03,589,,0.0,,
usp0009h1k,5.2,-73.53,-38.075,1999-11-03,589,,0.0,,
usp0009h1j,4.1,-73.58800000000001,-38.082,1999-11-03,589,,0.0,,
usp0009h1f,5.4,-73.376,-38.025,1999-11-03,589,,0.0,,
usp0009hnm,4.8,-72.317,-38.082,1999-11-15,601,,0.0,,
usp0009hqd,4.2,-73.602,-36.525999999999996,1999-11-16,602,,0.0,,
usp0009htp,4.5,-72.654,-37.022,1999-11-18,604,,0.0,,
usp0009hts,4.3,-73.544,-36.829,1999-11-18,604,,0.0,,
usp0009hwk,4.3,-73.858,-37.918,1999-11-20,606,,0.0,,
usp0009hyc,4.6,-73.46,-37.985,1999-11-21,607,,0.0,,
usp0009hy5,4.0,-72.631,-36.492,1999-11-21,607,,0.0,,
usp0009hxc,5.1,-73.56,-37.933,1999-11-21,607,,0.0,,
usp0009hxb,4.8,-73.692,-37.927,1999-11-21,607,,0.0,,
usp0009j34,4.0,-72.791,-36.376999999999995,1999-11-25,611,,0.0,,
usp0009k2t,4.9,-73.226,-36.898,1999-12-20,636,,0.0,,
usp0009k31,4.4,-73.082,-36.897,1999-12-20,636,,0.0,,
usp0009k6c,4.4,-73.134,-36.849000000000004,1999-12-23,639,,0.0,,
usp0009k9e,4.7,-73.567,-37.87,1999-12-25,641,,0.0,,
usp0009kyf,4.3,-73.433,-37.893,2000-01-09,656,,0.0,,
usp0009mgp,3.4,-73.365,-40.44,2000-01-22,669,,0.0,,
usp0009mj2,3.8,-73.57300000000001,-36.561,2000-01-23,670,,0.0,,
usp0009nda,4.3,-74.837,-38.818000000000005,2000-02-13,691,,0.0,,
usp0009p5x,4.2,-74.9,-37.797,2000-03-02,709,,0.0,,
usp0009qv8,4.7,-71.403,-40.559,2000-04-05,743,,0.0,,
usp0009sav,3.3,-72.14,-36.330999999999996,2000-05-03,771,,0.0,,
usp0009sf1,3.2,-72.082,-36.361,2000-05-05,773,,0.0,,
usp0009t5s,3.6,-72.421,-37.286,2000-05-19,787,,0.0,,
usp0009t9t,3.9,-71.70100000000001,-37.684,2000-05-21,789,,0.0,,
usp0009x8n,5.0,-73.52199999999999,-37.238,2000-07-27,856,,0.0,,
usp0009x8p,4.3,-72.807,-37.09,2000-07-27,856,,0.0,,
usp0009xqd,3.8,-73.878,-37.139,2000-08-03,863,,0.0,,
usp0009y7f,2.6,-70.91,-36.326,2000-08-10,870,,0.0,,
usp0009ydd,4.0,-72.604,-36.34,2000-08-13,873,,0.0,,
usp000a0kc,3.7,-71.86399999999999,-39.021,2000-09-20,911,,0.0,,
usp000a28v,4.0,-70.47800000000001,-36.691,2000-10-23,944,,0.0,,
usp000a2bb,3.5,-71.683,-36.019,2000-10-24,945,,0.0,,
usp000a2a7,4.2,-72.881,-39.35,2000-10-24,945,,0.0,,
usp000a2z4,3.7,-71.455,-36.135,2000-11-05,957,,0.0,,
usp000a3g2,3.8,-72.175,-36.047,2000-11-12,964,,0.0,,
usp000a3h5,4.3,-74.63,-36.58,2000-11-13,965,,0.0,,
usp000a4fy,3.3,-71.633,-36.538000000000004,2000-11-20,972,,0.0,,
usp000a4qq,3.0,-71.2,-36.122,2000-11-23,975,,0.0,,
usp000a5a6,3.6,-71.264,-36.083,2000-12-01,983,,0.0,,
usp000a6e0,6.5,-74.66199999999999,-39.008,2000-12-20,1002,,0.0,,
usp000a76v,4.2,-71.781,-40.510999999999996,2001-01-06,1019,,0.0,,
usp000a78b,4.0,-71.551,-37.1,2001-01-07,1020,,0.0,,
usp000a8tm,4.9,-71.207,-36.417,2001-02-01,1045,,0.0,,
usp000a8vk,3.8,-71.194,-36.364000000000004,2001-02-01,1045,,0.0,,
usp000a8wb,3.9,-71.28,-36.324,2001-02-02,1046,,0.0,,
usp000a951,4.9,-74.75,-38.907,2001-02-06,1050,,0.0,,
usp000a96z,4.2,-71.779,-36.984,2001-02-07,1051,,0.0,,
usp000a9da,4.8,-74.77199999999999,-38.677,2001-02-10,1054,,0.0,,
usp000aatm,4.7,-74.753,-38.788000000000004,2001-03-03,1075,,0.0,,
usp000aaud,5.9,-74.555,-38.766,2001-03-03,1075,,0.0,,
usp000aaum,4.7,-74.852,-38.995,2001-03-03,1075,,0.0,,
usp000abrh,4.8,-70.839,-37.393,2001-03-19,1091,,0.0,,
usp000aczv,3.8,-71.53,-37.565,2001-04-10,1113,,0.0,,
usp000ad4v,4.1,-73.862,-36.644,2001-04-13,1116,,0.0,,
usp000adb8,4.2,-72.04899999999999,-36.365,2001-04-16,1119,,0.0,,
usp000adfn,4.6,-73.36399999999999,-37.174,2001-04-18,1121,,0.0,,
usp000aeh6,4.3,-72.024,-36.113,2001-05-06,1139,,0.0,,
usp000aenn,4.1,-71.858,-36.05,2001-05-09,1142,,0.0,,
usp000aevz,3.9,-71.309,-36.221,2001-05-13,1146,,0.0,,
usp000af1s,5.0,-73.3,-38.639,2001-05-17,1150,,0.0,,
usp000ag4u,3.6,-71.232,-36.483000000000004,2001-06-05,1169,,0.0,,
usp000ahp0,3.3,-71.025,-37.146,2001-06-29,1193,,0.0,,
usp000ampn,3.3,-71.208,-37.277,2001-08-19,1244,,0.0,,
usp000aptr,3.4,-71.888,-36.678000000000004,2001-09-26,1282,,0.0,,
usp000aq4m,3.4,-71.057,-36.139,2001-10-02,1288,,0.0,,
usp000aq7k,3.6,-72.26899999999999,-37.203,2001-10-04,1290,,0.0,,
usp000aqju,3.6,-72.59899999999999,-36.493,2001-10-09,1295,,0.0,,
usp000ar2x,3.9,-72.65100000000001,-40.033,2001-10-17,1303,,0.0,,
usp000ar86,4.2,-72.063,-37.161,2001-10-19,1305,,0.0,,
usp000arj7,4.5,-73.781,-36.86,2001-10-24,1310,,0.0,,
usp000arje,4.2,-74.907,-37.46,2001-10-24,1310,,0.0,,
usp000as49,5.1,-71.65100000000001,-36.248000000000005,2001-11-03,1320,,0.0,,
usp000asw9,3.9,-71.554,-36.336,2001-11-14,1331,,0.0,,
usp000asw7,3.8,-71.48899999999999,-36.264,2001-11-14,1331,,0.0,,
usp000asw4,3.7,-71.51100000000001,-36.363,2001-11-14,1331,,0.0,,
usp000asvd,4.5,-71.4,-36.275,2001-11-14,1331,,0.0,,
usp000asve,4.3,-71.286,-36.284,2001-11-14,1331,,0.0,,
usp000at3b,4.2,-72.624,-36.404,2001-11-18,1335,,0.0,,
usp000at89,3.8,-71.512,-36.721,2001-11-21,1338,,0.0,,
usp000at8u,3.4,-72.059,-36.075,2001-11-21,1338,,0.0,,
usp000aube,3.7,-71.354,-36.077,2001-12-09,1356,,0.0,,
usp000auj9,3.9,-71.311,-36.37,2001-12-13,1360,,0.0,,
usp000auj8,4.3,-71.125,-36.457,2001-12-13,1360,,0.0,,
usp000auq6,4.3,-73.146,-36.144,2001-12-16,1363,,0.0,,
usp000aus9,4.0,-73.54,-36.085,2001-12-17,1364,,0.0,,
usp000auv8,2.6,-71.266,-36.289,2001-12-18,1365,,0.0,,
usp000av25,3.7,-71.195,-36.433,2001-12-22,1369,,0.0,,
usp000av26,3.8,-71.331,-36.348,2001-12-22,1369,,0.0,,
usp000av5p,3.7,-71.118,-36.326,2001-12-24,1371,,0.0,,
usp000av98,2.7,-73.264,-36.792,2001-12-25,1372,,0.0,,
usp000avpc,4.3,-73.278,-37.699,2002-01-02,1380,,0.0,,
usp000avu4,4.3,-74.245,-37.375,2002-01-04,1382,,0.0,,
usp000avv0,3.8,-71.634,-37.13,2002-01-05,1383,,0.0,,
usp000avy2,3.9,-72.991,-36.446999999999996,2002-01-06,1384,,0.0,,
usp000ax0f,3.7,-71.446,-36.033,2002-01-23,1401,,0.0,,
usp000ax4d,4.2,-71.475,-36.141999999999996,2002-01-25,1403,,0.0,,
usp000axju,4.3,-73.555,-36.798,2002-02-01,1410,,0.0,,
usp000axm3,3.6,-71.304,-36.656,2002-02-02,1411,,0.0,,
usp000axrm,3.8,-73.043,-36.482,2002-02-04,1413,,0.0,,
usp000ay23,4.1,-72.051,-39.983000000000004,2002-02-09,1418,,0.0,,
usp000ay2h,3.6,-71.568,-36.056,2002-02-09,1418,,0.0,,
usp000ayuk,3.9,-70.836,-37.426,2002-02-20,1429,,0.0,,
usp000az8z,3.2,-71.593,-36.036,2002-02-27,1436,,0.0,,
usp000azdu,3.8,-72.2,-37.38,2002-03-01,1438,,0.0,,
usp000b00v,3.8,-72.809,-36.617,2002-03-10,1447,,0.0,,
usp000b0kk,3.4,-71.786,-36.376,2002-03-18,1455,,0.0,,
usp000b0zk,3.9,-71.024,-37.601,2002-03-25,1462,,0.0,,
usp000b1kq,3.3,-71.283,-36.319,2002-04-02,1470,,0.0,,
usp000b1pj,3.7,-71.28699999999999,-36.198,2002-04-04,1472,,0.0,,
usp000b1yu,4.7,-70.49,-36.924,2002-04-08,1476,,0.0,,
usp000b27z,4.3,-72.608,-39.049,2002-04-12,1480,,0.0,,
usp000b2cx,4.8,-73.875,-37.562,2002-04-14,1482,,0.0,,
usp000b3ay,4.3,-70.972,-37.275999999999996,2002-04-28,1496,,0.0,,
usp000b3gg,3.5,-71.328,-36.584,2002-04-30,1498,,0.0,,
usp000b3r9,4.3,-72.72,-38.306999999999995,2002-05-04,1502,,0.0,,
usp000b57j,3.8,-71.902,-36.957,2002-05-30,1528,,0.0,,
usp000b5ah,4.2,-74.10300000000001,-36.747,2002-05-31,1529,,0.0,,
usp000b5se,4.2,-72.417,-37.643,2002-06-08,1537,,0.0,,
usp000b6f0,4.1,-74.896,-38.943000000000005,2002-06-19,1548,,0.0,,
usp000b6t3,3.6,-71.788,-36.175,2002-06-23,1552,,0.0,,
usp000b834,3.5,-71.697,-36.396,2002-07-14,1573,,0.0,,
usp000b8w3,3.8,-72.507,-37.4,2002-07-27,1586,,0.0,,
usp000b8xf,3.9,-72.68,-36.692,2002-07-28,1587,,0.0,,
usp000ba70,3.6,-71.479,-36.496,2002-08-19,1609,,0.0,,
usp000ba7s,3.1,-71.336,-36.143,2002-08-19,1609,,0.0,,
usp000ba9k,3.6,-71.619,-36.746,2002-08-20,1610,,0.0,,
usp000ba8p,3.9,-72.462,-36.222,2002-08-20,1610,,0.0,,
usp000baxv,3.9,-72.215,-36.455999999999996,2002-08-30,1620,,0.0,,
usp000bbn2,3.4,-70.452,-36.058,2002-09-08,1629,,0.0,,
usp000bbzd,3.7,-72.622,-36.056999999999995,2002-09-11,1632,,0.0,,
usp000bccu,3.4,-73.014,-36.484,2002-09-16,1637,,0.0,,
usp000bcfa,3.6,-71.514,-36.131,2002-09-17,1638,,0.0,,
usp000bcmc,4.0,-73.898,-36.189,2002-09-19,1640,,0.0,,
usp000begs,4.2,-72.758,-36.434,2002-10-14,1665,,0.0,,
usp000bfcu,3.5,-72.10300000000001,-37.312,2002-10-26,1677,,0.0,,
usp000bfq4,3.4,-72.027,-37.037,2002-10-31,1682,,0.0,,
usp000bfrm,5.2,-74.71600000000001,-40.098,2002-10-31,1682,,0.0,,
usp000bjhg,3.7,-72.54899999999999,-36.054,2002-11-27,1709,,0.0,,
usp000bk1q,3.8,-71.789,-36.828,2002-12-03,1715,,0.0,,
usp000bkax,3.3,-71.405,-36.141,2002-12-08,1720,,0.0,,
usp000bky0,4.5,-72.219,-38.559,2002-12-18,1730,,0.0,,
usp000bm3c,4.5,-72.131,-38.486999999999995,2002-12-21,1733,,0.0,,
usp000bmar,3.3,-71.348,-38.062,2002-12-24,1736,,0.0,,
usp000bmff,4.1,-70.58800000000001,-36.815,2002-12-26,1738,,0.0,,
usp000bmmc,3.5,-72.316,-37.062,2002-12-28,1740,,0.0,,
usp000bn16,3.5,-73.604,-37.616,2003-01-04,1747,,0.0,,
usp000bn1w,3.0,-71.23100000000001,-36.189,2003-01-04,1747,,0.0,,
usp000bpje,3.7,-72.283,-36.652,2003-01-29,1772,,0.0,,
usp000bqjz,3.0,-71.036,-36.069,2003-02-13,1787,,0.0,,
usp000bqk1,3.5,-71.441,-38.066,2003-02-13,1787,,0.0,,
usp000br4f,3.4,-70.611,-36.108000000000004,2003-02-21,1795,,0.0,,
usp000brq8,3.4,-72.833,-36.497,2003-03-01,1803,,0.0,,
usp000bs35,3.1,-71.008,-36.299,2003-03-06,1808,,0.0,,
usp000bsed,3.6,-71.801,-36.089,2003-03-11,1813,,0.0,,
usp000bt5d,4.4,-73.395,-36.402,2003-03-21,1823,,0.0,,
usp000bu4a,3.6,-72.578,-36.806,2003-04-01,1834,,0.0,,
usp000bu6f,3.2,-71.325,-36.278,2003-04-02,1835,,0.0,,
usp000bub7,2.9,-70.638,-36.223,2003-04-04,1837,,0.0,,
usp000bv89,3.8,-71.632,-36.938,2003-04-15,1848,,0.0,,
usp000bw9d,4.0,-73.11,-37.145,2003-04-30,1863,,0.0,,
usp000bwe9,3.8,-71.334,-36.289,2003-05-02,1865,,0.0,,
usp000bwtw,4.6,-71.334,-40.319,2003-05-08,1871,,0.0,,
usp000bx8s,3.5,-71.373,-36.124,2003-05-15,1878,,0.0,,
usp000byhx,2.9,-72.017,-36.08,2003-05-30,1893,1.0,1.0,-39.42,-71.93
usp000byyy,3.6,-71.898,-36.071,2003-06-03,4,1.0,1.0,-39.42,-71.93
usp000bz7c,3.7,-71.92399999999999,-38.461999999999996,2003-06-06,3,1.0,1.0,-39.42,-71.93
usp000c0xz,4.0,-73.624,-36.537,2003-06-25,19,,0.0,,
usp000c13x,3.0,-73.226,-36.099000000000004,2003-06-27,21,,0.0,,
usp000c256,3.4,-71.057,-37.181999999999995,2003-07-10,34,,0.0,,
usp000c28p,3.4,-71.26100000000001,-37.373000000000005,2003-07-12,36,,0.0,,
usp000c2fj,4.0,-72.729,-36.080999999999996,2003-07-14,38,,0.0,,
usp000c2p5,3.1,-71.786,-36.018,2003-07-16,40,,0.0,,
usp000c2u9,3.2,-71.89399999999999,-37.135999999999996,2003-07-18,42,,0.0,,
usp000c2xn,3.5,-71.391,-36.378,2003-07-20,44,,0.0,,
usp000c3d2,3.8,-71.82600000000001,-36.116,2003-07-26,50,,0.0,,
usp000c3va,4.0,-72.931,-37.554,2003-08-01,56,,0.0,,
usp000c4dm,3.1,-72.506,-36.093,2003-08-08,63,,0.0,,
usp000c5qf,4.2,-72.7,-40.415,2003-08-23,78,,0.0,,
usp000c61c,5.1,-72.443,-39.157,2003-08-27,82,,0.0,,
usp000c6tw,3.4,-71.56,-36.028,2003-09-05,91,,0.0,,
usp000c6wt,2.8,-72.469,-36.195,2003-09-06,92,,0.0,,
usp000c72f,3.6,-72.915,-36.327,2003-09-08,94,,0.0,,
usp000c88y,3.6,-72.532,-36.188,2003-09-22,108,,0.0,,
usp000c8hg,3.9,-72.328,-37.650999999999996,2003-09-24,110,,0.0,,
usp000c8kj,3.5,-71.472,-36.665,2003-09-25,111,,0.0,,
usp000c9g9,3.8,-71.90899999999999,-38.074,2003-10-03,119,,0.0,,
usp000c9qu,3.8,-72.718,-37.711,2003-10-06,122,,0.0,,
usp000ca29,2.9,-71.60300000000001,-36.936,2003-10-10,126,,0.0,,
usp000ca57,3.7,-71.806,-36.958,2003-10-11,127,,0.0,,
usp000cadz,4.1,-73.632,-39.585,2003-10-15,131,,0.0,,
usp000cakr,4.3,-73.48,-37.426,2003-10-17,133,,0.0,,
usp000cb24,3.5,-72.559,-37.564,2003-10-23,139,,0.0,,
usp000cbc5,3.9,-72.388,-39.406,2003-10-27,143,,0.0,,
usp000cbhm,2.7,-71.477,-36.062,2003-10-29,145,,0.0,,
usp000cbt6,3.7,-68.29899999999999,-36.364000000000004,2003-11-01,148,,0.0,,
usp000cc91,3.8,-70.822,-37.731,2003-11-07,154,,0.0,,
usp000ccnr,5.6,-74.868,-40.022,2003-11-12,159,,0.0,,
usp000cctz,3.8,-72.263,-37.751999999999995,2003-11-14,161,,0.0,,
usp000cdm8,3.1,-71.752,-36.033,2003-11-21,168,,0.0,,
usp000ce5q,3.5,-71.67399999999999,-36.388000000000005,2003-11-29,176,,0.0,,
usp000cej4,4.3,-74.527,-37.653,2003-12-05,182,,0.0,,
usp000cfbd,3.4,-71.12899999999999,-36.475,2003-12-15,192,,0.0,,
usp000cfdw,3.2,-71.557,-37.09,2003-12-17,194,,0.0,,
usp000cgjf,3.6,-74.086,-38.029,2003-12-30,207,,0.0,,
usp000cj6s,4.4,-73.582,-37.209,2004-01-18,226,,0.0,,
usp000cn37,3.4,-72.169,-36.086,2004-02-24,263,,0.0,,
usp000cn8u,2.9,-71.221,-36.372,2004-02-25,264,,0.0,,
usp000cp0c,3.4,-71.805,-36.689,2004-03-03,271,,0.0,,
usp000cq5w,3.4,-72.328,-37.29,2004-03-17,285,,0.0,,
usp000cssb,3.6,-72.571,-38.609,2004-04-17,316,,0.0,,
usp000csyp,4.1,-72.497,-36.628,2004-04-20,319,,0.0,,
usp000ctkm,3.3,-72.676,-36.188,2004-04-27,326,,0.0,,
usp000cu2b,4.1,-73.773,-37.861,2004-05-03,332,,0.0,,
usp000cu2n,4.1,-73.914,-37.847,2004-05-03,332,,0.0,,
usp000cu2f,4.0,-73.704,-37.729,2004-05-03,332,,0.0,,
usp000cu2e,4.6,-73.634,-37.788000000000004,2004-05-03,332,,0.0,,
usp000cu2d,3.9,-73.829,-37.818000000000005,2004-05-03,332,,0.0,,
usp000cu2c,4.1,-73.664,-37.694,2004-05-03,332,,0.0,,
usp000cu2a,4.2,-73.643,-37.723,2004-05-03,332,,0.0,,
usp000cu28,4.2,-73.574,-37.796,2004-05-03,332,,0.0,,
usp000cu26,4.1,-73.655,-37.868,2004-05-03,332,,0.0,,
usp000cu23,4.6,-73.48100000000001,-37.657,2004-05-03,332,,0.0,,
usp000cu21,4.3,-73.997,-37.898,2004-05-03,332,,0.0,,
usp000cu20,4.6,-74.139,-40.743,2004-05-03,332,,0.0,,
usp000cu1z,6.6,-73.406,-37.695,2004-05-03,332,,0.0,,
usp000cu2r,3.4,-73.664,-37.889,2004-05-03,332,,0.0,,
usp000cu39,4.2,-73.88,-37.894,2004-05-03,332,,0.0,,
usp000cu48,4.0,-73.749,-37.84,2004-05-04,333,,0.0,,
usp000cu4g,4.2,-73.467,-37.664,2004-05-04,333,,0.0,,
usp000cu4p,3.7,-73.67,-37.909,2004-05-04,333,,0.0,,
usp000cu6g,4.5,-73.942,-37.804,2004-05-04,333,,0.0,,
usp000cu4j,3.4,-71.279,-38.27,2004-05-04,333,,0.0,,
usp000cu86,4.5,-73.63,-37.611999999999995,2004-05-05,334,,0.0,,
usp000cua2,4.1,-73.179,-39.725,2004-05-06,335,,0.0,,
usp000cuty,4.0,-74.12899999999999,-38.071,2004-05-12,341,,0.0,,
usp000cv1j,3.7,-73.435,-37.696999999999996,2004-05-14,343,,0.0,,
usp000cv50,3.6,-73.066,-37.868,2004-05-15,344,,0.0,,
usp000cva2,3.9,-73.703,-37.904,2004-05-17,346,,0.0,,
usp000cvae,4.0,-72.399,-36.766999999999996,2004-05-17,346,,0.0,,
usp000cw3n,4.5,-72.139,-41.03,2004-05-24,353,,0.0,,
usp000cw4t,4.3,-73.785,-37.707,2004-05-25,354,,0.0,,
usp000cx5m,4.5,-74.23,-37.443000000000005,2004-06-05,365,,0.0,,
usp000cx8n,3.5,-71.23,-36.055,2004-06-06,366,,0.0,,
usp000cxac,3.4,-72.65100000000001,-36.309,2004-06-07,367,,0.0,,
usp000cxf7,4.1,-73.295,-36.585,2004-06-08,368,,0.0,,
usp000cxfw,4.1,-72.977,-36.314,2004-06-09,369,,0.0,,
usp000cxyk,6.1,-73.155,-38.854,2004-06-15,375,,0.0,,
usp000cy0q,3.7,-73.156,-38.662,2004-06-16,376,,0.0,,
usp000cye5,4.5,-73.96300000000001,-41.937,2004-06-21,381,,0.0,,
usp000cz49,3.9,-71.855,-36.841,2004-06-29,389,,0.0,,
usp000czha,4.7,-73.704,-41.474,2004-07-04,394,,0.0,,
usp000d1hj,3.6,-74.294,-38.658,2004-08-05,426,1.0,1.0,-39.42,-71.93
usp000d1mc,2.9,-71.392,-36.885999999999996,2004-08-06,1,1.0,1.0,-39.42,-71.93
usp000d23p,3.0,-73.44800000000001,-36.916,2004-08-14,8,1.0,1.0,-39.42,-71.93
usp000d27g,3.5,-71.99,-36.141,2004-08-15,1,1.0,1.0,-39.42,-71.93
usp000d2c7,3.4,-73.0,-36.361,2004-08-18,3,1.0,1.0,-39.42,-71.93
usp000d2hg,4.2,-68.627,-36.064,2004-08-20,2,1.0,1.0,-39.42,-71.93
usp000d2kn,4.4,-71.575,-40.336999999999996,2004-08-21,1,1.0,1.0,-39.42,-71.93
usp000d2nq,3.9,-71.118,-40.231,2004-08-22,1,1.0,1.0,-39.42,-71.93
usp000d2pe,3.5,-71.876,-36.116,2004-08-22,0,1.0,1.0,-39.42,-71.93
usp000d2v0,3.0,-71.24600000000001,-36.154,2004-08-25,3,1.0,1.0,-39.42,-71.93
usp000d2u0,3.0,-71.654,-36.021,2004-08-25,0,1.0,1.0,-39.42,-71.93
usp000d41d,5.3,-72.96,-37.927,2004-09-10,16,,0.0,,
usp000d55g,4.0,-72.247,-36.829,2004-09-27,33,,0.0,,
usp000d6nb,3.8,-72.041,-37.604,2004-10-19,55,,0.0,,
usp000d6qa,4.4,-74.377,-41.11600000000001,2004-10-20,56,,0.0,,
usp000d6yf,4.8,-74.89,-40.284,2004-10-24,60,,0.0,,
usp000d78c,4.3,-74.396,-37.058,2004-10-28,64,,0.0,,
usp000d7cb,4.1,-73.69800000000001,-37.038000000000004,2004-10-31,67,,0.0,,
usp000d7tk,4.4,-71.186,-36.804,2004-11-06,73,,0.0,,
usp000d8aa,4.0,-72.85,-40.909,2004-11-12,79,,0.0,,
usp000dab8,4.7,-70.764,-37.5,2004-12-08,105,,0.0,,
usp000dc93,4.0,-73.539,-37.838,2004-12-31,128,,0.0,,
usp000dc9k,3.0,-71.357,-36.161,2004-12-31,128,,0.0,,
usp000dcdb,3.4,-71.949,-37.403,2005-01-02,130,,0.0,,
usp000ddvm,4.4,-74.29,-42.673,2005-01-20,148,,0.0,,
usp000dfby,3.7,-70.72800000000001,-36.029,2005-02-01,160,,0.0,,
usp000dfc8,3.7,-70.648,-36.065,2005-02-01,160,,0.0,,
usp000dfg9,4.9,-73.78,-37.865,2005-02-04,163,,0.0,,
usp000dfgy,4.2,-74.365,-38.315,2005-02-04,163,,0.0,,
usp000dfr1,3.5,-73.707,-36.812,2005-02-08,167,,0.0,,
usp000dg5t,4.1,-74.185,-38.258,2005-02-15,174,,0.0,,
usp000dhbh,4.0,-70.089,-36.32,2005-03-02,189,,0.0,,
usp000dj8e,3.9,-71.857,-36.236,2005-03-15,202,,0.0,,
usp000dm1m,3.4,-71.081,-37.431,2005-04-02,220,,0.0,,
usp000dm4p,3.2,-71.391,-36.108000000000004,2005-04-03,221,,0.0,,
usp000dmmz,2.8,-71.472,-36.092,2005-04-08,226,,0.0,,
usp000dn5m,3.5,-72.249,-36.814,2005-04-12,230,,0.0,,
usp000dnqb,3.1,-71.169,-36.857,2005-04-18,236,,0.0,,
usp000dqk9,3.1,-71.842,-36.077,2005-05-12,260,,0.0,,
usp000dr6q,3.4,-70.891,-36.853,2005-05-20,268,,0.0,,
usp000drup,4.2,-73.266,-36.568000000000005,2005-05-29,277,,0.0,,
usp000dryd,4.5,-73.251,-36.607,2005-05-31,279,,0.0,,
usp000ds2r,3.8,-73.208,-36.479,2005-06-02,281,,0.0,,
usp000dt4d,3.4,-72.25,-36.079,2005-06-15,294,,0.0,,
usp000dtes,4.4,-74.499,-38.916,2005-06-19,298,,0.0,,
usp000dup4,3.6,-72.843,-36.258,2005-07-06,315,,0.0,,
usp000dv2x,4.1,-73.961,-37.361999999999995,2005-07-12,321,,0.0,,
usp000dvcx,4.7,-73.24600000000001,-36.575,2005-07-17,326,,0.0,,
usp000dvd0,3.5,-73.248,-36.582,2005-07-17,326,,0.0,,
usp000dvn0,4.5,-73.917,-42.42,2005-07-21,330,,0.0,,
usp000dvzp,3.3,-72.07600000000001,-36.195,2005-07-26,335,,0.0,,
usp000dwfv,3.3,-71.711,-36.515,2005-08-01,341,,0.0,,
usp000dwjj,4.4,-74.97800000000001,-39.238,2005-08-03,343,,0.0,,
usp000dwvv,4.0,-74.692,-38.713,2005-08-07,347,,0.0,,
usp000dxh4,4.6,-72.57,-36.626,2005-08-17,357,,0.0,,
usp000dxw5,4.7,-73.845,-42.452,2005-08-23,363,,0.0,,
usp000dy82,3.3,-71.321,-36.167,2005-08-28,368,,0.0,,
usp000dyht,3.6,-71.97800000000001,-36.158,2005-09-01,372,,0.0,,
usp000dyse,4.4,-74.942,-40.982,2005-09-04,375,,0.0,,
usp000dysf,4.7,-71.634,-36.319,2005-09-04,375,,0.0,,
usp000dz8y,4.9,-73.548,-36.698,2005-09-11,382,,0.0,,
usp000dzfw,4.1,-70.62,-37.976,2005-09-15,386,,0.0,,
usp000dzjx,2.9,-71.33,-36.141,2005-09-16,387,,0.0,,
usp000dzw4,2.9,-71.34100000000001,-36.221,2005-09-21,392,,0.0,,
usp000e05t,3.7,-71.42699999999999,-36.174,2005-09-25,396,,0.0,,
usp000e0qk,3.1,-71.06,-36.937,2005-10-02,403,,0.0,,
usp000e16v,4.4,-73.456,-38.166,2005-10-08,409,,0.0,,
usp000e35e,4.2,-74.336,-36.934,2005-10-30,431,,0.0,,
usp000e35u,3.4,-73.721,-36.629,2005-10-30,431,,0.0,,
usp000e3j1,2.8,-71.975,-36.316,2005-11-05,437,,0.0,,
usp000e3pw,3.8,-72.648,-36.769,2005-11-07,439,,0.0,,
usp000e41m,3.6,-72.874,-36.731,2005-11-12,444,,0.0,,
usp000e48h,3.6,-70.893,-36.535,2005-11-15,447,,0.0,,
usp000e4g3,3.2,-71.544,-36.663000000000004,2005-11-19,451,,0.0,,
usp000e4r8,4.6,-72.15100000000001,-36.741,2005-11-23,455,,0.0,,
usp000e5j4,3.2,-70.929,-37.431999999999995,2005-12-05,467,,0.0,,
usp000e6k1,5.2,-74.058,-42.713,2005-12-21,483,,0.0,,
usp000e6m2,3.6,-71.154,-36.094,2005-12-22,484,,0.0,,
usp000e6wj,5.1,-73.188,-38.953,2005-12-26,488,,0.0,,
usp000e79f,4.6,-71.355,-39.87,2005-12-31,493,,0.0,,
usp000e7fq,3.6,-73.498,-36.528,2006-01-03,496,,0.0,,
usp000e7nw,5.2,-73.22399999999999,-36.399,2006-01-05,498,,0.0,,
usp000e8se,3.2,-70.896,-37.141,2006-01-24,517,,0.0,,
usp000e938,3.7,-71.46600000000001,-37.538000000000004,2006-01-29,522,,0.0,,
usp000e9d4,3.7,-74.505,-36.43,2006-02-03,527,,0.0,,
usp000e9jp,3.3,-72.575,-36.701,2006-02-05,529,,0.0,,
usp000eadh,4.5,-71.77600000000001,-39.229,2006-02-19,543,,0.0,,
usp000eavx,4.9,-74.40100000000001,-42.625,2006-02-26,550,,0.0,,
usp000eb4a,4.6,-71.12,-36.336,2006-03-01,553,,0.0,,
usp000eb3a,4.4,-73.097,-38.319,2006-03-01,553,,0.0,,
usp000eb62,4.4,-72.75399999999999,-39.803000000000004,2006-03-02,554,,0.0,,
usp000eba3,3.3,-73.146,-36.161,2006-03-03,555,,0.0,,
usp000ec79,4.0,-73.437,-37.094,2006-03-15,567,,0.0,,
usp000eccr,4.4,-74.507,-37.678000000000004,2006-03-18,570,,0.0,,
usp000ecgn,3.4,-71.681,-37.027,2006-03-19,571,,0.0,,
usp000ed9h,3.6,-72.365,-36.29,2006-03-30,582,,0.0,,
usp000eduk,4.1,-73.34100000000001,-37.643,2006-04-06,589,,0.0,,
usp000edwn,3.3,-71.667,-36.868,2006-04-07,590,,0.0,,
usp000eeb8,3.8,-72.828,-37.802,2006-04-12,595,,0.0,,
usp000efae,3.9,-71.878,-39.601,2006-04-23,606,,0.0,,
usp000egjp,3.0,-70.771,-36.036,2006-05-08,621,,0.0,,
usp000egr2,4.0,-71.613,-36.966,2006-05-10,623,,0.0,,
usp000eh6m,4.0,-72.37899999999999,-36.083,2006-05-15,628,,0.0,,
usp000ehd9,3.9,-71.11,-36.336999999999996,2006-05-18,631,,0.0,,
usp000ehky,5.2,-73.641,-37.321999999999996,2006-05-21,634,,0.0,,
usp000ehp0,2.5,-71.65100000000001,-36.031,2006-05-22,635,,0.0,,
usp000ek6m,4.4,-73.423,-36.546,2006-06-12,656,,0.0,,
usp000ekbs,2.9,-72.469,-36.785,2006-06-14,658,,0.0,,
usp000em16,3.3,-70.388,-36.13,2006-06-22,666,,0.0,,
usp000em8m,3.3,-71.74600000000001,-36.077,2006-06-25,669,,0.0,,
usp000emhb,4.0,-71.16,-37.010999999999996,2006-06-29,673,,0.0,,
usp000en2w,4.0,-73.13,-37.491,2006-07-07,681,,0.0,,
usp000en4d,4.7,-71.52600000000001,-37.005,2006-07-08,682,,0.0,,
usp000enj5,4.0,-73.383,-36.343,2006-07-13,687,,0.0,,
usp000enss,4.7,-72.262,-40.465,2006-07-17,691,,0.0,,
usp000epmh,3.8,-71.598,-37.154,2006-07-26,700,,0.0,,
usp000eppz,3.6,-71.273,-36.623000000000005,2006-07-27,701,,0.0,,
usp000eqbw,4.3,-73.866,-39.132,2006-08-06,711,,0.0,,
usp000er1j,4.1,-72.279,-36.647,2006-08-16,721,,0.0,,
usp000es65,3.2,-72.631,-36.080999999999996,2006-08-31,736,,0.0,,
usp000eshk,4.1,-73.863,-40.731,2006-09-05,741,,0.0,,
usp000eth8,4.4,-72.524,-38.844,2006-09-21,757,,0.0,,
usp000etmp,3.0,-71.824,-36.236999999999995,2006-09-23,759,,0.0,,
usp000etp8,3.6,-70.388,-37.969,2006-09-23,759,,0.0,,
usp000etux,3.9,-72.8,-36.407,2006-09-26,762,,0.0,,
usp000eu09,3.1,-71.875,-36.152,2006-09-28,764,,0.0,,
usp000eu25,3.5,-71.812,-36.124,2006-09-29,765,,0.0,,
usp000euqk,4.1,-72.179,-36.466,2006-10-08,774,,0.0,,
usp000euq1,3.1,-71.83,-37.387,2006-10-08,774,,0.0,,
usp000evbm,3.6,-71.49600000000001,-36.256,2006-10-16,782,,0.0,,
usp000evfb,4.3,-74.86,-40.923,2006-10-18,784,,0.0,,
usp000ew26,3.9,-73.789,-36.435,2006-10-26,792,,0.0,,
usp000ewkb,3.3,-73.642,-36.89,2006-11-04,801,,0.0,,
usp000ex98,4.0,-73.449,-36.852,2006-11-13,810,,0.0,,
usp000ezrr,4.4,-74.248,-42.0,2006-12-07,834,,0.0,,
usp000f0me,4.0,-71.555,-37.38,2006-12-20,847,,0.0,,
usp000f0sb,3.6,-72.79,-36.364000000000004,2006-12-22,849,,0.0,,
usp000f1ee,5.6,-71.11399999999999,-37.94,2006-12-31,858,,0.0,,
usp000f1zb,4.2,-71.565,-36.06,2007-01-08,866,,0.0,,
usp000f2ua,2.9,-73.027,-37.469,2007-01-17,875,,0.0,,
usp000f3ja,3.9,-72.577,-36.593,2007-01-25,883,,0.0,,
usp000f4kx,5.5,-71.56,-42.978,2007-02-10,899,,0.0,,
usp000f4za,4.2,-74.809,-36.986999999999995,2007-02-16,905,,0.0,,
usp000f502,3.4,-71.161,-38.395,2007-02-17,906,,0.0,,
usp000f6c3,4.0,-73.721,-41.201,2007-03-09,926,,0.0,,
usp000fav8,3.3,-73.709,-38.369,2007-04-29,977,,0.0,,
usp000fayb,2.9,-71.169,-36.513000000000005,2007-04-30,978,,0.0,,
usp000fb4d,3.8,-71.898,-36.159,2007-05-03,981,,0.0,,
usp000fb95,4.6,-72.524,-37.382,2007-05-05,983,,0.0,,
usp000fbdv,4.3,-71.895,-40.486,2007-05-06,984,,0.0,,
usp000fbem,4.7,-74.204,-40.372,2007-05-07,985,,0.0,,
usp000fcs0,4.3,-74.08800000000001,-41.96,2007-05-26,1004,,0.0,,
usp000fd09,4.4,-71.22800000000001,-39.900999999999996,2007-05-29,1007,,0.0,,
usp000fd0m,2.9,-72.165,-36.577,2007-05-29,1007,,0.0,,
usp000fd4s,4.0,-71.138,-38.129,2007-06-01,1010,,0.0,,
usp000fdw0,4.8,-74.126,-42.518,2007-06-12,1021,,0.0,,
usp000fdw4,4.5,-73.30199999999999,-37.644,2007-06-12,1021,,0.0,,
usp000fe0y,3.3,-74.09,-36.051,2007-06-14,1023,,0.0,,
usp000ffku,3.5,-72.398,-36.9,2007-07-06,1045,,0.0,,
usp000ffkh,4.1,-72.956,-37.346,2007-07-06,1045,,0.0,,
usp000fft6,3.6,-74.688,-36.181999999999995,2007-07-08,1047,,0.0,,
usp000fgju,3.9,-73.305,-36.297,2007-07-18,1057,,0.0,,
usp000fh2m,3.4,-71.25399999999999,-36.48,2007-07-25,1064,,0.0,,
usp000fh4k,3.7,-72.936,-36.938,2007-07-26,1065,,0.0,,
usp000fhs3,3.1,-72.89,-36.546,2007-08-03,1073,,0.0,,
usp000fhz0,3.9,-73.334,-37.621,2007-08-05,1075,,0.0,,
usp000fhzj,3.9,-70.792,-36.128,2007-08-06,1076,,0.0,,
usp000fjpg,4.5,-74.903,-37.205,2007-08-14,1084,,0.0,,
usp000fjw4,3.8,-74.654,-36.461,2007-08-16,1086,,0.0,,
usp000fkb2,4.8,-71.782,-40.413000000000004,2007-08-20,1090,,0.0,,
usp000fkjg,4.0,-72.07,-39.075,2007-08-24,1094,,0.0,,
usp000fkzv,3.6,-71.561,-36.723,2007-08-30,1100,,0.0,,
usp000fmm2,3.4,-69.35300000000001,-36.385999999999996,2007-09-07,1108,,0.0,,
usp000fnj0,4.6,-72.313,-39.400999999999996,2007-09-17,1118,,0.0,,
usp000fngs,3.8,-74.462,-37.931,2007-09-17,1118,,0.0,,
usp000fngv,3.2,-71.80199999999999,-36.815,2007-09-17,1118,,0.0,,
usp000fqk2,3.2,-71.146,-36.287,2007-10-15,1146,,0.0,,
usp000fqtc,3.3,-71.375,-36.171,2007-10-18,1149,,0.0,,
usp000fqyy,5.2,-73.006,-36.469,2007-10-20,1151,,0.0,,
usp000fqzb,3.4,-71.626,-36.464,2007-10-20,1151,,0.0,,
usp000frdr,4.7,-73.986,-36.692,2007-10-27,1158,,0.0,,
usp000frjn,3.4,-71.615,-36.027,2007-10-29,1160,,0.0,,
usp000frpu,3.6,-71.747,-36.352,2007-10-31,1162,,0.0,,
usp000frw0,3.9,-72.153,-40.345,2007-11-03,1165,,0.0,,
usp000frya,4.5,-74.622,-38.486999999999995,2007-11-04,1166,,0.0,,
usp000fs0b,3.3,-72.343,-36.961999999999996,2007-11-05,1167,,0.0,,
usp000ft1m,2.8,-73.10300000000001,-36.784,2007-11-21,1183,,0.0,,
usp000fuc3,5.0,-72.233,-40.665,2007-12-13,1205,,0.0,,
usp000fv68,3.4,-72.983,-36.271,2007-12-25,1217,,0.0,,
usp000fv9f,4.3,-72.98100000000001,-36.438,2007-12-26,1218,,0.0,,
usp000fw3d,4.6,-72.964,-36.233000000000004,2008-01-06,1229,,0.0,,
usp000fxs4,5.0,-74.04899999999999,-42.68,2008-01-30,1253,,0.0,,
usp000fy3s,4.1,-71.932,-36.524,2008-02-03,1257,,0.0,,
usp000fz0q,4.5,-71.508,-38.949,2008-02-16,1270,,0.0,,
usp000fzbn,4.6,-71.774,-40.26,2008-02-20,1274,,0.0,,
usp000g0dq,3.2,-71.735,-36.131,2008-03-01,1284,,0.0,,
usp000g0gp,3.5,-72.311,-36.96,2008-03-02,1285,,0.0,,
usp000g0y8,3.2,-72.27199999999999,-36.016999999999996,2008-03-08,1291,,0.0,,
usp000g1bu,3.3,-73.396,-37.739000000000004,2008-03-12,1295,,0.0,,
usp000g1dx,3.9,-74.205,-41.912,2008-03-13,1296,,0.0,,
usp000g1jg,2.9,-72.96,-37.698,2008-03-15,1298,,0.0,,
usp000g2yd,4.6,-73.906,-41.415,2008-04-02,1316,,0.0,,
usp000g3zz,3.6,-71.479,-36.646,2008-04-15,1329,,0.0,,
usp000g454,3.9,-72.471,-36.019,2008-04-17,1331,,0.0,,
usp000g530,3.4,-71.253,-36.304,2008-04-29,1343,,0.0,,
usp000g57u,4.4,-72.439,-42.836999999999996,2008-05-01,1345,,0.0,,
usp000g5bu,4.7,-72.46600000000001,-42.736999999999995,2008-05-02,1346,,0.0,,
usp000g5b3,4.9,-72.405,-42.703,2008-05-02,1346,,0.0,,
usp000g5ax,4.1,-72.48899999999999,-42.803000000000004,2008-05-02,1346,,0.0,,
usp000g5ag,5.2,-72.266,-42.766000000000005,2008-05-02,1346,,0.0,,
usp000g5ca,4.1,-72.848,-42.858000000000004,2008-05-02,1346,,0.0,,
usp000g5a5,4.5,-72.567,-42.708999999999996,2008-05-02,1346,,0.0,,
usp000g59w,4.4,-72.467,-42.833999999999996,2008-05-02,1346,,0.0,,
usp000g5ab,4.6,-72.456,-42.707,2008-05-02,1346,,0.0,,
usp000g5cm,5.0,-72.24600000000001,-42.784,2008-05-03,1347,,0.0,,
usp000g5dh,3.6,-72.441,-37.074,2008-05-03,1347,,0.0,,
usp000g5tx,3.7,-72.017,-36.373000000000005,2008-05-08,1352,,0.0,,
usp000g79t,3.7,-73.57,-38.422,2008-05-20,1364,,0.0,,
usp000g7md,4.9,-72.01100000000001,-42.053000000000004,2008-05-24,1368,,0.0,,
usp000g7mb,5.0,-72.206,-42.025,2008-05-24,1368,,0.0,,
usp000g7na,4.6,-72.325,-42.047,2008-05-24,1368,,0.0,,
usp000g7m1,5.4,-72.187,-41.957,2008-05-24,1368,,0.0,,
usp000g7td,4.1,-73.327,-36.741,2008-05-26,1370,,0.0,,
usp000g7vr,4.2,-69.602,-36.201,2008-05-27,1371,,0.0,,
usp000g7zt,4.5,-72.29899999999999,-41.863,2008-05-28,1372,,0.0,,
usp000g80y,4.5,-72.185,-41.945,2008-05-29,1373,,0.0,,
usp000g85u,4.4,-72.19,-41.97,2008-05-31,1375,,0.0,,
usp000g8fa,4.1,-73.367,-37.951,2008-06-03,1378,,0.0,,
usp000g8pj,3.9,-73.079,-40.689,2008-06-06,1381,,0.0,,
usp000g8zc,4.0,-73.692,-39.474000000000004,2008-06-09,1384,,0.0,,
usp000g9mf,3.9,-73.436,-37.258,2008-06-14,1389,,0.0,,
usp000gagx,4.1,-71.705,-36.157,2008-06-25,1400,,0.0,,
usp000gawt,3.6,-73.34,-36.638000000000005,2008-06-29,1404,,0.0,,
usp000gbm0,4.0,-72.498,-42.056000000000004,2008-07-07,1412,,0.0,,
usp000gcj3,3.9,-72.241,-39.67,2008-07-18,1423,,0.0,,
usp000gcfj,3.0,-71.455,-36.741,2008-07-18,1423,,0.0,,
usp000gcfe,3.1,-71.733,-36.335,2008-07-18,1423,,0.0,,
usp000gdcj,4.2,-74.304,-42.656000000000006,2008-07-29,1434,,0.0,,
usp000gevg,4.7,-72.219,-40.465,2008-08-17,1453,,0.0,,
usp000gf12,3.3,-72.289,-37.397,2008-08-19,1455,,0.0,,
usp000gg8p,3.6,-72.642,-36.056999999999995,2008-09-02,1469,,0.0,,
usp000gggn,4.2,-71.324,-39.059,2008-09-06,1473,,0.0,,
usp000ggqe,4.6,-73.06,-36.457,2008-09-09,1476,,0.0,,
usp000gguz,3.5,-71.944,-36.065,2008-09-11,1478,,0.0,,
usp000ghtz,4.7,-71.376,-36.282,2008-09-27,1494,,0.0,,
usp000gjuq,4.6,-73.141,-39.941,2008-10-10,1507,,0.0,,
usp000gmhp,4.5,-74.829,-40.11,2008-10-31,1528,1.0,1.0,-39.42,-71.93
usp000gnk1,4.1,-72.945,-37.08,2008-11-13,13,1.0,1.0,-39.42,-71.93
usp000gnmg,3.9,-73.126,-36.260999999999996,2008-11-13,0,1.0,1.0,-39.42,-71.93
usp000gnn2,2.9,-72.97800000000001,-36.327,2008-11-14,1,1.0,1.0,-39.42,-71.93
usp000gp5m,2.9,-72.671,-42.808,2008-11-21,7,1.0,1.0,-39.42,-71.93
usp000gpaa,5.3,-73.009,-36.321999999999996,2008-11-23,2,1.0,1.0,-39.42,-71.93
usp000grre,4.4,-72.977,-36.33,2008-12-29,36,,0.0,,
usp000gsj6,4.2,-71.425,-37.413000000000004,2009-01-13,51,,0.0,,
usp000gsvf,4.8,-72.445,-42.085,2009-01-20,58,,0.0,,
usp000gt0b,5.2,-70.81,-36.385999999999996,2009-01-23,61,,0.0,,
usp000gtme,4.2,-70.64,-36.961,2009-02-10,79,1.0,1.0,-39.42,-71.93
usp000guht,4.7,-71.34100000000001,-40.233000000000004,2009-03-02,20,,0.0,,
usp000gukz,4.8,-74.972,-39.218,2009-03-04,22,,0.0,,
usp000guqb,4.3,-72.39,-42.816,2009-03-07,25,,0.0,,
usp000gur7,4.5,-72.596,-42.84,2009-03-08,26,,0.0,,
usp000gv2h,3.8,-72.449,-42.07,2009-03-17,35,,0.0,,
usp000gwgh,4.2,-71.979,-37.563,2009-04-23,72,,0.0,,
usp000gwjt,3.5,-72.956,-36.518,2009-04-25,74,,0.0,,
usp000gxfu,4.7,-72.41,-42.82,2009-05-24,103,,0.0,,
usp000gxhc,4.4,-72.494,-42.802,2009-05-25,104,,0.0,,
usp000gxj7,4.6,-72.749,-42.845,2009-05-26,105,,0.0,,
usp000gxn1,4.5,-72.244,-42.832,2009-05-29,108,,0.0,,
usp000gxqx,4.4,-72.558,-42.776,2009-05-31,110,,0.0,,
usp000gxqn,4.2,-72.438,-42.898999999999994,2009-05-31,110,,0.0,,
usp000gxrz,4.4,-72.354,-42.813,2009-06-01,111,,0.0,,
usp000gxuh,4.3,-72.542,-42.803999999999995,2009-06-04,114,,0.0,,
usp000gxux,4.4,-72.38600000000001,-42.763000000000005,2009-06-04,114,,0.0,,
usp000gxwa,4.4,-72.408,-42.788000000000004,2009-06-05,115,,0.0,,
usp000gxwt,4.4,-72.564,-42.81100000000001,2009-06-06,116,,0.0,,
usp000gxy1,4.6,-72.393,-42.783,2009-06-06,116,,0.0,,
usp000gxyx,4.3,-72.467,-42.78,2009-06-07,117,,0.0,,
usp000gy24,4.7,-72.548,-42.852,2009-06-10,120,,0.0,,
usp000gy39,4.2,-72.598,-42.849,2009-06-11,121,,0.0,,
usp000gy45,4.5,-72.598,-42.835,2009-06-12,122,,0.0,,
usp000gyjz,4.3,-72.833,-37.173,2009-06-25,135,,0.0,,
usp000gyqn,4.8,-73.376,-38.138000000000005,2009-06-29,139,,0.0,,
usp000gyzs,4.4,-73.555,-39.898,2009-07-06,146,,0.0,,
usp000gz3r,4.3,-73.225,-36.258,2009-07-10,150,,0.0,,
usp000gzkv,4.7,-73.876,-38.186,2009-07-25,165,,0.0,,
usp000gzkw,4.7,-74.055,-38.194,2009-07-25,165,,0.0,,
usp000gzm2,4.8,-73.77,-38.094,2009-07-25,165,,0.0,,
usp000gzvu,3.0,-72.438,-42.091,2009-08-01,172,,0.0,,
usp000h02g,4.2,-73.257,-38.338,2009-08-07,178,,0.0,,
usp000h030,4.1,-69.902,-36.817,2009-08-08,179,,0.0,,
usp000h02z,4.2,-69.78699999999999,-36.765,2009-08-08,179,,0.0,,
usp000h09n,4.4,-74.279,-37.326,2009-08-13,184,,0.0,,
usp000h2tb,4.6,-72.101,-36.741,2009-10-12,244,,0.0,,
usp000h3k1,4.2,-73.125,-36.667,2009-10-30,262,,0.0,,
usp000h3ps,4.1,-71.382,-36.059,2009-11-03,266,,0.0,,
usp000h4b2,5.9,-74.967,-39.634,2009-11-22,285,1.0,1.0,-39.42,-71.93
usp000h5fb,5.1,-72.917,-36.675,2009-12-29,37,,0.0,,
usp000h64r,4.3,-71.192,-38.015,2010-01-15,54,,0.0,,
usp000h6ea,4.7,-72.939,-36.251999999999995,2010-01-21,60,,0.0,,
usp000h6du,5.1,-73.16,-36.281,2010-01-21,60,,0.0,,
usp000h6dv,4.8,-73.179,-36.216,2010-01-21,60,,0.0,,
usp000h7zb,4.9,-73.167,-36.589,2010-02-27,97,,0.0,,
usp000h7zc,4.9,-73.48100000000001,-36.297,2010-02-27,97,,0.0,,
usp000h7z8,6.1,-73.208,-36.354,2010-02-27,97,,0.0,,
usp000h7z6,4.5,-72.865,-36.585,2010-02-27,97,,0.0,,
usp000h7z3,4.7,-73.988,-37.626,2010-02-27,97,,0.0,,
usp000h7yw,5.4,-73.453,-37.510999999999996,2010-02-27,97,,0.0,,
usp000h7ys,5.5,-73.348,-37.78,2010-02-27,97,,0.0,,
usp000h7yr,4.1,-73.249,-36.232,2010-02-27,97,,0.0,,
usp000h7yp,5.4,-73.429,-38.283,2010-02-27,97,,0.0,,
usp000h7yn,4.5,-73.48,-36.701,2010-02-27,97,,0.0,,
usp000h7yk,4.0,-72.59899999999999,-36.198,2010-02-27,97,,0.0,,
usp000h7yj,4.2,-73.322,-37.03,2010-02-27,97,,0.0,,
usp000h7yf,4.2,-72.944,-37.643,2010-02-27,97,,0.0,,
usp000h7ya,5.5,-73.257,-36.129,2010-02-27,97,,0.0,,
usp000h7y8,4.1,-73.138,-36.114000000000004,2010-02-27,97,,0.0,,
usp000h7wp,4.2,-73.218,-36.681,2010-02-27,97,,0.0,,
usp000h7y5,5.2,-73.725,-38.278,2010-02-27,97,,0.0,,
usp000h7y3,4.2,-73.304,-38.461999999999996,2010-02-27,97,,0.0,,
usp000h7xw,4.9,-73.77600000000001,-37.419000000000004,2010-02-27,97,,0.0,,
usp000h7xu,4.8,-72.782,-37.194,2010-02-27,97,,0.0,,
usp000h7xt,4.1,-73.535,-38.048,2010-02-27,97,,0.0,,
usp000h7xr,5.0,-73.383,-37.968,2010-02-27,97,,0.0,,
usp000h7xd,4.5,-73.85300000000001,-38.191,2010-02-27,97,,0.0,,
usp000h7xc,4.4,-73.61399999999999,-37.394,2010-02-27,97,,0.0,,
usp000h7x7,5.0,-73.258,-37.335,2010-02-27,97,,0.0,,
usp000h7x5,4.8,-73.55,-38.285,2010-02-27,97,,0.0,,
usp000h7x2,5.0,-72.673,-37.219,2010-02-27,97,,0.0,,
usp000h7x0,4.0,-73.486,-37.275999999999996,2010-02-27,97,,0.0,,
usp000h7ze,5.5,-73.051,-36.521,2010-02-27,97,,0.0,,
usp000h7wx,4.3,-73.387,-36.359,2010-02-27,97,,0.0,,
usp000h7y6,4.6,-73.834,-37.783,2010-02-27,97,,0.0,,
usp000h7zf,4.7,-73.514,-37.677,2010-02-27,97,,0.0,,
iscgem600697919,6.0,-73.545,-37.878,2010-02-27,97,,0.0,,
usp000h7zq,5.0,-73.093,-36.644,2010-02-27,97,,0.0,,
official20100227063411530_30,8.8,-72.898,-36.122,2010-02-27,97,,0.0,,
usp000h7wm,4.3,-73.432,-36.851,2010-02-27,97,,0.0,,
usp000h823,4.0,-72.467,-36.565,2010-02-27,97,,0.0,,
usp000h822,4.5,-73.416,-36.657,2010-02-27,97,,0.0,,
usp000h81y,4.1,-73.813,-38.253,2010-02-27,97,,0.0,,
usp000h81s,5.9,-72.832,-37.695,2010-02-27,97,,0.0,,
usp000h81g,4.8,-73.455,-37.491,2010-02-27,97,,0.0,,
usp000h81f,5.3,-73.304,-36.492,2010-02-27,97,,0.0,,
usp000h81d,4.7,-73.438,-37.966,2010-02-27,97,,0.0,,
usp000h81b,5.2,-73.315,-36.8,2010-02-27,97,,0.0,,
usp000h816,4.4,-73.988,-37.677,2010-02-27,97,,0.0,,
usp000h814,5.0,-73.836,-37.332,2010-02-27,97,,0.0,,
usp000h813,4.3,-74.967,-37.67,2010-02-27,97,,0.0,,
usp000h812,4.5,-72.97800000000001,-36.298,2010-02-27,97,,0.0,,
usp000h7zm,4.9,-73.654,-37.55,2010-02-27,97,,0.0,,
usp000h811,4.5,-73.61,-37.533,2010-02-27,97,,0.0,,
usp000h80x,4.4,-73.036,-36.166,2010-02-27,97,,0.0,,
usp000h80r,4.9,-73.532,-37.921,2010-02-27,97,,0.0,,
usp000h80p,4.5,-73.767,-37.891999999999996,2010-02-27,97,,0.0,,
usp000h80n,4.9,-73.362,-37.455999999999996,2010-02-27,97,,0.0,,
usp000h80m,4.4,-72.997,-36.443000000000005,2010-02-27,97,,0.0,,
usp000h80c,4.9,-73.55,-36.686,2010-02-27,97,,0.0,,
usp000h807,5.0,-73.197,-36.481,2010-02-27,97,,0.0,,
usp000h803,4.5,-72.676,-36.204,2010-02-27,97,,0.0,,
usp000h802,4.7,-73.525,-36.525999999999996,2010-02-27,97,,0.0,,
usp000h7zy,5.2,-73.345,-37.548,2010-02-27,97,,0.0,,
usp000h7zu,5.0,-73.595,-37.632,2010-02-27,97,,0.0,,
usp000h7zt,5.7,-73.699,-37.580999999999996,2010-02-27,97,,0.0,,
usp000h7zs,4.9,-73.755,-37.696999999999996,2010-02-27,97,,0.0,,
usp000h7zr,5.6,-73.55,-37.516,2010-02-27,97,,0.0,,
usp000h810,4.3,-73.199,-36.624,2010-02-27,97,,0.0,,
usp000h7wg,4.8,-73.178,-36.031,2010-02-27,97,,0.0,,
usp000h7z7,4.9,-73.494,-37.982,2010-02-27,97,,0.0,,
usp000h7we,4.6,-73.596,-37.514,2010-02-27,97,,0.0,,
usp000h7u6,4.8,-73.39,-37.486,2010-02-27,97,,0.0,,
usp000h7u5,5.8,-73.652,-38.16,2010-02-27,97,,0.0,,
usp000h7u4,4.9,-73.436,-37.811,2010-02-27,97,,0.0,,
usp000h7u3,4.3,-73.077,-36.029,2010-02-27,97,,0.0,,
usp000h7u2,4.4,-74.669,-37.821999999999996,2010-02-27,97,,0.0,,
usp000h7u1,5.0,-73.315,-37.113,2010-02-27,97,,0.0,,
usp000h7u0,4.8,-73.883,-38.22,2010-02-27,97,,0.0,,
usp000h7ts,4.9,-71.837,-37.701,2010-02-27,97,,0.0,,
usp000h7tr,5.2,-73.257,-36.668,2010-02-27,97,,0.0,,
usp000h7tm,4.6,-73.282,-36.266,2010-02-27,97,,0.0,,
usp000h7tk,4.7,-72.923,-36.25,2010-02-27,97,,0.0,,
usp000h7te,5.0,-73.565,-37.52,2010-02-27,97,,0.0,,
usp000h7td,5.0,-73.309,-36.099000000000004,2010-02-27,97,,0.0,,
usp000h7t9,4.9,-73.035,-36.006,2010-02-27,97,,0.0,,
usp000h7uc,4.2,-73.095,-36.312,2010-02-27,97,,0.0,,
usp000h7t6,4.9,-73.817,-37.481,2010-02-27,97,,0.0,,
usp000h7t3,5.2,-72.87100000000001,-36.952,2010-02-27,97,,0.0,,
usp000h7sp,5.3,-72.71,-36.122,2010-02-27,97,,0.0,,
usp000h7sj,5.1,-73.2,-37.033,2010-02-27,97,,0.0,,
usp000h7se,5.4,-72.64699999999999,-36.458,2010-02-27,97,,0.0,,
usp000h7sc,5.3,-73.116,-36.866,2010-02-27,97,,0.0,,
usp000h7s9,6.0,-72.673,-36.869,2010-02-27,97,,0.0,,
usp000h7s5,5.6,-73.393,-38.032,2010-02-27,97,,0.0,,
usp000h7s1,5.6,-73.594,-36.924,2010-02-27,97,,0.0,,
usp000h7s0,5.1,-74.126,-37.964,2010-02-27,97,,0.0,,
usp000h7rz,4.9,-73.75399999999999,-37.688,2010-02-27,97,,0.0,,
usp000h7rx,5.2,-73.366,-36.912,2010-02-27,97,,0.0,,
usp000h7rw,4.9,-72.13600000000001,-36.72,2010-02-27,97,,0.0,,
usp000h7rr,5.1,-73.708,-38.099000000000004,2010-02-27,97,,0.0,,
usp000h7wf,4.2,-73.5,-38.207,2010-02-27,97,,0.0,,
usp000h7t4,5.1,-73.51,-36.176,2010-02-27,97,,0.0,,
usp000h7ud,4.6,-74.168,-37.228,2010-02-27,97,,0.0,,
usp000h7sz,5.2,-74.095,-37.247,2010-02-27,97,,0.0,,
usp000h7up,5.4,-73.399,-36.804,2010-02-27,97,,0.0,,
usp000h7wd,4.3,-72.689,-36.062,2010-02-27,97,,0.0,,
usp000h7uh,5.9,-73.694,-38.191,2010-02-27,97,,0.0,,
usp000h7wc,4.3,-73.487,-36.044000000000004,2010-02-27,97,,0.0,,
usp000h7wa,4.1,-73.418,-36.205999999999996,2010-02-27,97,,0.0,,
usp000h7w8,4.3,-72.673,-36.754,2010-02-27,97,,0.0,,
usp000h7w6,4.4,-73.156,-36.277,2010-02-27,97,,0.0,,
usp000h7w5,4.4,-73.189,-36.019,2010-02-27,97,,0.0,,
usp000h7w4,4.3,-72.976,-37.376,2010-02-27,97,,0.0,,
usp000h7w1,5.0,-72.865,-38.554,2010-02-27,97,,0.0,,
usp000h7w0,4.9,-73.206,-37.0,2010-02-27,97,,0.0,,
usp000h7vy,4.7,-73.822,-37.446999999999996,2010-02-27,97,,0.0,,
usp000h7vx,4.6,-73.943,-37.966,2010-02-27,97,,0.0,,
usp000h7vv,5.1,-74.973,-37.836999999999996,2010-02-27,97,,0.0,,
usp000h7vu,5.1,-73.373,-37.169000000000004,2010-02-27,97,,0.0,,
usp000h7vt,4.8,-73.377,-37.306999999999995,2010-02-27,97,,0.0,,
usp000h7w2,5.3,-73.645,-38.496,2010-02-27,97,,0.0,,
usp000h7vn,4.6,-73.437,-36.257,2010-02-27,97,,0.0,,
usp000h7vq,4.5,-72.895,-36.635,2010-02-27,97,,0.0,,
usp000h7uq,4.2,-73.053,-37.205999999999996,2010-02-27,97,,0.0,,
usp000h7v1,5.2,-73.71600000000001,-38.265,2010-02-27,97,,0.0,,
usp000h7v2,4.3,-73.335,-36.071999999999996,2010-02-27,97,,0.0,,
usp000h7v3,4.7,-73.446,-36.821999999999996,2010-02-27,97,,0.0,,
usp000h7v5,5.4,-73.188,-36.326,2010-02-27,97,,0.0,,
usp000h7v6,4.5,-73.098,-37.796,2010-02-27,97,,0.0,,
usp000h7v4,4.1,-73.304,-36.202,2010-02-27,97,,0.0,,
usp000h7v8,4.7,-73.865,-36.219,2010-02-27,97,,0.0,,
usp000h7va,5.0,-73.14,-37.032,2010-02-27,97,,0.0,,
usp000h7vd,4.4,-73.22399999999999,-37.629,2010-02-27,97,,0.0,,
usp000h7vh,5.0,-73.098,-36.184,2010-02-27,97,,0.0,,
usp000h7vj,4.3,-73.59100000000001,-37.224000000000004,2010-02-27,97,,0.0,,
usp000h86u,4.4,-73.736,-37.8,2010-02-28,98,,0.0,,
usp000h87f,4.5,-73.804,-37.606,2010-02-28,98,,0.0,,
usp000h884,4.7,-73.411,-36.027,2010-02-28,98,,0.0,,
usp000h87e,4.7,-73.23899999999999,-36.293,2010-02-28,98,,0.0,,
usp000h87c,5.2,-73.383,-38.211999999999996,2010-02-28,98,,0.0,,
usp000h877,4.7,-73.53,-38.294000000000004,2010-02-28,98,,0.0,,
usp000h883,4.4,-73.468,-37.473,2010-02-28,98,,0.0,,
usp000h86t,4.3,-71.79899999999999,-36.046,2010-02-28,98,,0.0,,
usp000h867,4.6,-73.44,-38.126,2010-02-28,98,,0.0,,
usp000h86c,4.6,-73.188,-36.75,2010-02-28,98,,0.0,,
usp000h86a,4.3,-73.767,-37.525999999999996,2010-02-28,98,,0.0,,
usp000h85x,4.1,-73.27,-37.138000000000005,2010-02-28,98,,0.0,,
usp000h868,4.4,-72.545,-37.058,2010-02-28,98,,0.0,,
usp000h863,4.9,-73.219,-38.606,2010-02-28,98,,0.0,,
usp000h862,4.5,-73.03399999999999,-36.521,2010-02-28,98,,0.0,,
usp000h88g,4.2,-74.178,-38.296,2010-02-28,98,,0.0,,
usp000h85y,4.3,-73.932,-37.084,2010-02-28,98,,0.0,,
usp000h86q,4.4,-73.17399999999999,-37.847,2010-02-28,98,,0.0,,
usp000h88k,4.9,-73.45,-37.446999999999996,2010-02-28,98,,0.0,,
usp000h8a6,4.2,-73.584,-38.091,2010-02-28,98,,0.0,,
usp000h88r,4.2,-73.696,-37.759,2010-02-28,98,,0.0,,
usp000h8at,4.7,-74.389,-36.353,2010-02-28,98,,0.0,,
usp000h85s,4.1,-73.992,-38.525999999999996,2010-02-28,98,,0.0,,
usp000h8as,5.1,-73.065,-37.348,2010-02-28,98,,0.0,,
usp000h8am,5.0,-73.331,-36.847,2010-02-28,98,,0.0,,
usp000h8ak,4.8,-73.971,-38.472,2010-02-28,98,,0.0,,
usp000h8ag,4.4,-73.39,-36.586999999999996,2010-02-28,98,,0.0,,
usp000h89s,4.4,-73.262,-36.474000000000004,2010-02-28,98,,0.0,,
usp000h89r,5.9,-73.68,-38.099000000000004,2010-02-28,98,,0.0,,
usp000h88p,4.3,-73.41,-38.445,2010-02-28,98,,0.0,,
usp000h89p,4.3,-72.906,-36.825,2010-02-28,98,,0.0,,
usp000h89f,4.9,-73.28,-36.448,2010-02-28,98,,0.0,,
usp000h89e,5.1,-72.729,-36.793,2010-02-28,98,,0.0,,
usp000h89c,4.3,-73.176,-37.135,2010-02-28,98,,0.0,,
usp000h895,4.7,-73.41,-37.471,2010-02-28,98,,0.0,,
usp000h893,4.6,-73.854,-38.141,2010-02-28,98,,0.0,,
usp000h892,4.3,-73.52600000000001,-37.841,2010-02-28,98,,0.0,,
usp000h88w,4.4,-73.309,-37.007,2010-02-28,98,,0.0,,
usp000h88s,4.6,-73.539,-38.067,2010-02-28,98,,0.0,,
usp000h89g,4.9,-73.415,-36.817,2010-02-28,98,,0.0,,
usp000h85r,5.0,-72.883,-37.79,2010-02-28,98,,0.0,,
usp000h87z,4.9,-73.638,-37.47,2010-02-28,98,,0.0,,
usp000h85m,4.2,-73.045,-36.014,2010-02-28,98,,0.0,,
usp000h83b,4.7,-74.484,-37.023,2010-02-28,98,,0.0,,
usp000h832,4.5,-74.737,-38.269,2010-02-28,98,,0.0,,
usp000h831,4.4,-73.146,-37.909,2010-02-28,98,,0.0,,
usp000h830,4.2,-71.359,-36.177,2010-02-28,98,,0.0,,
usp000h82z,4.6,-73.75,-38.54,2010-02-28,98,,0.0,,
usp000h82y,4.4,-73.89399999999999,-37.586,2010-02-28,98,,0.0,,
usp000h82v,4.6,-72.863,-37.835,2010-02-28,98,,0.0,,
usp000h82u,5.3,-72.707,-36.633,2010-02-28,98,,0.0,,
usp000h83c,4.5,-73.559,-36.745,2010-02-28,98,,0.0,,
usp000h82n,4.8,-73.509,-37.135999999999996,2010-02-28,98,,0.0,,
usp000h82g,4.7,-72.708,-36.105,2010-02-28,98,,0.0,,
usp000h82e,5.3,-73.376,-36.818000000000005,2010-02-28,98,,0.0,,
usp000h82d,5.1,-73.73899999999999,-38.145,2010-02-28,98,,0.0,,
usp000h82a,4.6,-72.345,-37.321999999999996,2010-02-28,98,,0.0,,
usp000h829,4.5,-74.139,-36.041,2010-02-28,98,,0.0,,
usp000h826,4.5,-73.007,-37.328,2010-02-28,98,,0.0,,
usp000h824,5.3,-73.369,-36.624,2010-02-28,98,,0.0,,
usp000h85p,5.1,-73.473,-38.385999999999996,2010-02-28,98,,0.0,,
usp000h82h,4.7,-73.417,-36.024,2010-02-28,98,,0.0,,
usp000h83h,5.4,-73.574,-38.32,2010-02-28,98,,0.0,,
usp000h82w,4.6,-73.041,-37.688,2010-02-28,98,,0.0,,
usp000h83t,5.1,-73.507,-37.754,2010-02-28,98,,0.0,,
usp000h85h,4.4,-73.45,-37.614000000000004,2010-02-28,98,,0.0,,
usp000h83j,5.1,-73.55199999999999,-38.385,2010-02-28,98,,0.0,,
usp000h85a,4.2,-73.765,-38.553000000000004,2010-02-28,98,,0.0,,
usp000h859,4.3,-74.025,-39.383,2010-02-28,98,,0.0,,
usp000h858,4.0,-72.406,-36.166,2010-02-28,98,,0.0,,
usp000h852,5.3,-73.42,-37.792,2010-02-28,98,,0.0,,
usp000h84z,5.3,-73.328,-37.711999999999996,2010-02-28,98,,0.0,,
usp000h84v,4.5,-73.036,-36.425,2010-02-28,98,,0.0,,
usp000h84r,4.9,-73.714,-38.045,2010-02-28,98,,0.0,,
usp000h85e,4.9,-72.696,-37.971,2010-02-28,98,,0.0,,
usp000h84m,4.6,-73.87,-37.723,2010-02-28,98,,0.0,,
usp000h84j,4.8,-72.592,-38.003,2010-02-28,98,,0.0,,
usp000h84h,4.5,-72.946,-36.764,2010-02-28,98,,0.0,,
usp000h84d,4.7,-72.825,-36.251999999999995,2010-02-28,98,,0.0,,
usp000h843,4.5,-73.14699999999999,-36.881,2010-02-28,98,,0.0,,
usp000h842,4.5,-74.408,-38.485,2010-02-28,98,,0.0,,
usp000h840,4.7,-73.887,-38.431999999999995,2010-02-28,98,,0.0,,
usp000h84p,5.0,-73.873,-38.795,2010-02-28,98,,0.0,,
usp000h83v,4.6,-72.666,-36.645,2010-02-28,98,,0.0,,
usp000h8db,4.5,-74.863,-37.077,2010-03-01,99,,0.0,,
usp000h8df,4.7,-73.167,-36.219,2010-03-01,99,,0.0,,
usp000h8dm,4.6,-74.762,-37.141,2010-03-01,99,,0.0,,
usp000h8dp,4.8,-73.67399999999999,-38.375,2010-03-01,99,,0.0,,
usp000h8dq,4.5,-73.34,-36.513000000000005,2010-03-01,99,,0.0,,
usp000h8du,4.1,-73.678,-37.46,2010-03-01,99,,0.0,,
usp000h8dv,4.3,-73.514,-36.739000000000004,2010-03-01,99,,0.0,,
usp000h8e9,4.1,-73.459,-36.205999999999996,2010-03-01,99,,0.0,,
usp000h8e5,5.1,-73.551,-36.759,2010-03-01,99,,0.0,,
usp000h8e8,4.5,-73.544,-37.939,2010-03-01,99,,0.0,,
usp000h8ea,4.3,-72.536,-36.976,2010-03-01,99,,0.0,,
usp000h8ec,5.0,-72.473,-36.297,2010-03-01,99,,0.0,,
usp000h8ee,4.5,-73.42,-36.047,2010-03-01,99,,0.0,,
usp000h8f0,4.2,-72.807,-36.047,2010-03-01,99,,0.0,,
usp000h8d9,4.5,-73.932,-38.548,2010-03-01,99,,0.0,,
usp000h8e0,4.1,-73.616,-37.355,2010-03-01,99,,0.0,,
usp000h8d7,4.8,-73.759,-36.935,2010-03-01,99,,0.0,,
usp000h8e7,4.4,-73.577,-38.475,2010-03-01,99,,0.0,,
usp000h8d0,4.8,-71.367,-37.071,2010-03-01,99,,0.0,,
usp000h8d6,4.4,-73.568,-36.895,2010-03-01,99,,0.0,,
usp000h8au,4.6,-73.053,-36.426,2010-03-01,99,,0.0,,
usp000h8av,5.1,-73.916,-38.308,2010-03-01,99,,0.0,,
usp000h8b2,4.5,-72.82600000000001,-37.246,2010-03-01,99,,0.0,,
usp000h8ba,4.4,-73.01100000000001,-36.833,2010-03-01,99,,0.0,,
usp000h8bb,4.8,-73.188,-36.641999999999996,2010-03-01,99,,0.0,,
usp000h8bg,5.0,-72.794,-36.048,2010-03-01,99,,0.0,,
usp000h8bm,5.0,-73.113,-38.599000000000004,2010-03-01,99,,0.0,,
usp000h8b0,4.4,-72.749,-37.256,2010-03-01,99,,0.0,,
usp000h8bs,4.8,-73.393,-36.854,2010-03-01,99,,0.0,,
usp000h8bv,4.3,-72.932,-38.481,2010-03-01,99,,0.0,,
usp000h8bz,4.2,-73.5,-36.177,2010-03-01,99,,0.0,,
usp000h8c0,5.0,-74.928,-37.958,2010-03-01,99,,0.0,,
usp000h8c5,4.2,-72.477,-36.915,2010-03-01,99,,0.0,,
usp000h8cd,4.9,-72.665,-36.132,2010-03-01,99,,0.0,,
usp000h8cn,5.0,-74.486,-37.84,2010-03-01,99,,0.0,,
usp000h8bq,4.1,-72.779,-36.917,2010-03-01,99,,0.0,,
usp000h8gt,4.2,-73.27,-36.174,2010-03-02,100,,0.0,,
usp000h8h1,4.3,-74.61,-37.133,2010-03-02,100,,0.0,,
usp000h8h6,4.6,-74.60600000000001,-37.835,2010-03-02,100,,0.0,,
usp000h8h8,4.3,-73.316,-36.114000000000004,2010-03-02,100,,0.0,,
usp000h8hc,5.2,-73.328,-36.618,2010-03-02,100,,0.0,,
usp000h8j1,5.1,-72.562,-36.537,2010-03-02,100,,0.0,,
usp000h8hu,4.7,-72.96300000000001,-37.655,2010-03-02,100,,0.0,,
usp000h8hv,4.8,-73.48,-37.433,2010-03-02,100,,0.0,,
usp000h8jf,5.0,-73.116,-36.48,2010-03-02,100,,0.0,,
usp000h8gq,4.5,-73.609,-38.497,2010-03-02,100,,0.0,,
usp000h8hj,5.1,-73.788,-39.508,2010-03-02,100,,0.0,,
usp000h8gn,4.6,-73.34899999999999,-36.573,2010-03-02,100,,0.0,,
usp000h8j8,4.5,-73.639,-37.501,2010-03-02,100,,0.0,,
usp000h8g8,4.6,-73.709,-38.544000000000004,2010-03-02,100,,0.0,,
usp000h8gf,4.0,-73.40899999999999,-36.694,2010-03-02,100,,0.0,,
usp000h8fb,4.9,-73.5,-37.574,2010-03-02,100,,0.0,,
usp000h8fc,4.9,-73.473,-36.138000000000005,2010-03-02,100,,0.0,,
usp000h8fd,4.5,-73.301,-36.739000000000004,2010-03-02,100,,0.0,,
usp000h8fg,4.3,-73.72399999999999,-37.47,2010-03-02,100,,0.0,,
usp000h8f6,4.4,-73.73100000000001,-37.936,2010-03-02,100,,0.0,,
usp000h8fw,5.5,-73.301,-36.675,2010-03-02,100,,0.0,,
usp000h8fy,4.5,-72.208,-36.743,2010-03-02,100,,0.0,,
usp000h8g2,4.2,-73.557,-37.555,2010-03-02,100,,0.0,,
usp000h8g4,4.2,-73.65100000000001,-37.246,2010-03-02,100,,0.0,,
usp000h8fh,5.1,-71.366,-39.76,2010-03-02,100,,0.0,,
usp000h8kt,4.4,-72.758,-37.192,2010-03-03,101,,0.0,,
usp000h8n1,5.0,-73.554,-38.453,2010-03-03,101,,0.0,,
usp000h8mw,4.4,-73.79899999999999,-38.391999999999996,2010-03-03,101,,0.0,,
usp000h8mt,4.1,-72.038,-37.427,2010-03-03,101,,0.0,,
usp000h8mr,4.2,-73.55,-37.6,2010-03-03,101,,0.0,,
usp000h8mn,6.1,-73.36,-36.61,2010-03-03,101,,0.0,,
usp000h8m7,4.8,-72.656,-36.989000000000004,2010-03-03,101,,0.0,,
usp000h8ky,4.2,-73.163,-36.988,2010-03-03,101,,0.0,,
usp000h8kk,4.9,-72.619,-36.056,2010-03-03,101,,0.0,,
usp000h8mh,4.7,-73.764,-37.275999999999996,2010-03-03,101,,0.0,,
usp000h8kc,4.4,-72.279,-36.263000000000005,2010-03-03,101,,0.0,,
usp000h8ka,4.3,-73.884,-37.729,2010-03-03,101,,0.0,,
usp000h8k9,5.1,-73.79899999999999,-37.301,2010-03-03,101,,0.0,,
usp000h8k8,5.3,-73.872,-37.582,2010-03-03,101,,0.0,,
usp000h8k7,4.3,-73.482,-37.573,2010-03-03,101,,0.0,,
usp000h8jx,4.7,-73.221,-38.554,2010-03-03,101,,0.0,,
usp000h8jv,4.5,-73.65899999999999,-38.777,2010-03-03,101,,0.0,,
usp000h8jt,4.3,-73.47800000000001,-37.763000000000005,2010-03-03,101,,0.0,,
usp000h8kj,4.3,-72.367,-36.34,2010-03-03,101,,0.0,,
usp000h8qq,4.0,-73.205,-36.506,2010-03-04,102,,0.0,,
usp000h8qa,4.5,-73.265,-36.335,2010-03-04,102,,0.0,,
usp000h8q9,4.3,-73.597,-37.259,2010-03-04,102,,0.0,,
usp000h8q8,4.2,-73.275,-36.397,2010-03-04,102,,0.0,,
usp000h8q6,4.6,-73.402,-36.271,2010-03-04,102,,0.0,,
usp000h8px,4.6,-73.57300000000001,-37.319,2010-03-04,102,,0.0,,
usp000h8pn,4.7,-73.63600000000001,-38.402,2010-03-04,102,,0.0,,
usp000h8pc,5.0,-74.582,-37.647,2010-03-04,102,,0.0,,
usp000h8p3,4.4,-73.41199999999999,-38.275999999999996,2010-03-04,102,,0.0,,
usp000h8p1,4.6,-73.016,-36.645,2010-03-04,102,,0.0,,
usp000h8p0,4.2,-73.84899999999999,-38.068000000000005,2010-03-04,102,,0.0,,
usp000h8nr,4.7,-73.43,-36.699,2010-03-04,102,,0.0,,
usp000h8pw,4.5,-73.105,-37.227,2010-03-04,102,,0.0,,
usp000h8rv,5.2,-73.506,-37.442,2010-03-05,103,,0.0,,
usp000h8sk,4.9,-73.11,-36.129,2010-03-05,103,,0.0,,
usp000h8sj,4.7,-73.55199999999999,-36.760999999999996,2010-03-05,103,,0.0,,
usp000h8sg,4.7,-72.78699999999999,-36.732,2010-03-05,103,,0.0,,
usp000h8s5,4.3,-73.75399999999999,-36.738,2010-03-05,103,,0.0,,
usp000h8s2,4.5,-73.104,-38.093,2010-03-05,103,,0.0,,
usp000h8s1,4.2,-72.77199999999999,-36.143,2010-03-05,103,,0.0,,
usp000h8rt,6.6,-73.374,-36.665,2010-03-05,103,,0.0,,
usp000h8rf,4.4,-71.207,-36.99,2010-03-05,103,,0.0,,
usp000h8rr,4.6,-73.184,-36.378,2010-03-05,103,,0.0,,
usp000h8rq,5.2,-73.643,-37.559,2010-03-05,103,,0.0,,
usp000h8rp,4.4,-73.26899999999999,-36.668,2010-03-05,103,,0.0,,
usp000h8rm,4.1,-72.872,-36.619,2010-03-05,103,,0.0,,
usp000h8rk,6.1,-73.223,-36.631,2010-03-05,103,,0.0,,
usp000h8rj,4.6,-73.46600000000001,-36.709,2010-03-05,103,,0.0,,
usp000h8rg,4.0,-71.165,-37.067,2010-03-05,103,,0.0,,
usp000h8rs,4.8,-73.285,-36.757,2010-03-05,103,,0.0,,
usp000h8v5,4.0,-73.348,-36.882,2010-03-06,104,,0.0,,
usp000h8v0,4.9,-73.569,-37.468,2010-03-06,104,,0.0,,
usp000h8uz,4.7,-73.485,-37.551,2010-03-06,104,,0.0,,
usp000h8up,4.7,-73.54899999999999,-37.531,2010-03-06,104,,0.0,,
usp000h8un,5.0,-72.972,-36.174,2010-03-06,104,,0.0,,
usp000h8ue,4.3,-74.88600000000001,-37.946999999999996,2010-03-06,104,,0.0,,
usp000h8ud,5.2,-73.711,-37.434,2010-03-06,104,,0.0,,
usp000h8u9,4.0,-73.51100000000001,-37.843,2010-03-06,104,,0.0,,
usp000h8u3,4.7,-73.08,-36.438,2010-03-06,104,,0.0,,
usp000h8u1,4.6,-73.192,-38.382,2010-03-06,104,,0.0,,
usp000h8tz,4.3,-73.566,-36.406,2010-03-06,104,,0.0,,
usp000h8te,4.7,-73.407,-36.193000000000005,2010-03-06,104,,0.0,,
usp000h8t1,4.0,-73.455,-38.34,2010-03-06,104,,0.0,,
usp000h8t0,5.1,-73.521,-37.056999999999995,2010-03-06,104,,0.0,,
usp000h8sw,4.3,-71.861,-36.238,2010-03-06,104,,0.0,,
usp000h8u7,4.2,-73.66199999999999,-37.42,2010-03-06,104,,0.0,,
usp000h8wf,5.0,-73.5,-38.046,2010-03-07,105,,0.0,,
usp000h8wv,5.1,-73.042,-36.156,2010-03-07,105,,0.0,,
usp000h8ws,4.6,-73.321,-38.014,2010-03-07,105,,0.0,,
usp000h8wk,4.5,-73.681,-38.393,2010-03-07,105,,0.0,,
usp000h8wh,4.4,-73.325,-36.934,2010-03-07,105,,0.0,,
usp000h8wc,5.9,-73.3,-37.99,2010-03-07,105,,0.0,,
usp000h8w3,4.5,-73.699,-36.872,2010-03-07,105,,0.0,,
usp000h8w7,4.9,-73.413,-37.946999999999996,2010-03-07,105,,0.0,,
usp000h8wb,4.1,-73.562,-36.546,2010-03-07,105,,0.0,,
usp000h8vb,4.5,-73.634,-36.967,2010-03-07,105,,0.0,,
usp000h8v9,4.5,-73.322,-36.946,2010-03-07,105,,0.0,,
usp000h8v7,4.2,-73.62899999999999,-37.452,2010-03-07,105,,0.0,,
usp000h8yj,4.3,-73.029,-36.086,2010-03-08,106,,0.0,,
usp000h8ye,4.7,-73.245,-36.466,2010-03-08,106,,0.0,,
usp000h8y6,4.4,-73.46300000000001,-36.898,2010-03-08,106,,0.0,,
usp000h8z9,4.2,-73.569,-38.463,2010-03-08,106,,0.0,,
usp000h8x2,4.9,-73.389,-38.063,2010-03-08,106,,0.0,,
usp000h8wz,4.6,-73.9,-37.588,2010-03-08,106,,0.0,,
usp000h8wy,4.4,-73.595,-38.047,2010-03-08,106,,0.0,,
usp000h8x9,4.5,-73.587,-38.571999999999996,2010-03-08,106,,0.0,,
usp000h8zr,4.6,-73.639,-38.486999999999995,2010-03-09,107,,0.0,,
usp000h8zy,4.8,-73.321,-37.103,2010-03-09,107,,0.0,,
usp000h901,4.5,-72.748,-37.056,2010-03-09,107,,0.0,,
usp000h90e,4.9,-73.32600000000001,-37.496,2010-03-09,107,,0.0,,
usp000h90f,4.6,-73.581,-37.509,2010-03-09,107,,0.0,,
usp000h90v,4.4,-73.331,-37.961999999999996,2010-03-09,107,,0.0,,
usp000h917,4.6,-73.441,-38.501999999999995,2010-03-09,107,,0.0,,
usp000h933,5.1,-74.906,-38.093,2010-03-10,108,,0.0,,
usp000h93e,4.3,-73.637,-37.676,2010-03-10,108,,0.0,,
usp000h93b,4.4,-73.46,-36.816,2010-03-10,108,,0.0,,
usp000h934,4.8,-74.475,-37.896,2010-03-10,108,,0.0,,
usp000h92z,4.8,-73.717,-38.427,2010-03-10,108,,0.0,,
usp000h92g,5.1,-73.189,-36.699,2010-03-10,108,,0.0,,
usp000h92h,5.2,-73.498,-36.934,2010-03-10,108,,0.0,,
usp000h91x,4.4,-73.676,-37.383,2010-03-10,108,,0.0,,
usp000h91w,5.2,-73.681,-37.156,2010-03-10,108,,0.0,,
usp000h91s,5.2,-72.718,-36.981,2010-03-10,108,,0.0,,
usp000h92y,4.1,-72.134,-37.465,2010-03-10,108,,0.0,,
usp000h96c,4.9,-73.37100000000001,-37.711,2010-03-11,109,,0.0,,
usp000h96a,5.3,-73.65100000000001,-37.705,2010-03-11,109,,0.0,,
usp000h968,4.6,-73.211,-38.44,2010-03-11,109,,0.0,,
usp000h964,4.4,-73.495,-37.741,2010-03-11,109,,0.0,,
usp000h94y,4.8,-74.58800000000001,-37.184,2010-03-11,109,,0.0,,
usp000h94k,4.6,-73.60300000000001,-37.249,2010-03-11,109,,0.0,,
usp000h94h,4.8,-73.768,-37.173,2010-03-11,109,,0.0,,
usp000h946,4.6,-73.146,-38.007,2010-03-11,109,,0.0,,
usp000h944,4.4,-73.64399999999999,-37.417,2010-03-11,109,,0.0,,
usp000h93r,4.1,-73.665,-37.139,2010-03-11,109,,0.0,,
usp000h93j,4.1,-74.759,-36.946999999999996,2010-03-11,109,,0.0,,
usp000h94j,5.1,-73.512,-37.259,2010-03-11,109,,0.0,,
usp000h99e,4.7,-73.649,-37.43,2010-03-12,110,,0.0,,
usp000h999,4.8,-73.52,-37.342,2010-03-12,110,,0.0,,
usp000h992,4.5,-73.933,-37.946,2010-03-12,110,,0.0,,
usp000h98k,4.0,-73.546,-37.516999999999996,2010-03-12,110,,0.0,,
usp000h98j,4.4,-73.704,-38.145,2010-03-12,110,,0.0,,
usp000h98e,4.7,-73.499,-37.481,2010-03-12,110,,0.0,,
usp000h98g,4.0,-73.608,-37.538000000000004,2010-03-12,110,,0.0,,
usp000h982,4.7,-73.691,-37.505,2010-03-12,110,,0.0,,
usp000h980,4.8,-72.385,-38.124,2010-03-12,110,,0.0,,
usp000h97y,5.1,-73.786,-37.695,2010-03-12,110,,0.0,,
usp000h97k,4.6,-73.322,-36.286,2010-03-12,110,,0.0,,
usp000h97d,4.5,-73.497,-36.143,2010-03-12,110,,0.0,,
usp000h96x,4.7,-72.944,-37.138000000000005,2010-03-12,110,,0.0,,
usp000h98b,4.0,-73.009,-36.946,2010-03-12,110,,0.0,,
usp000h9bb,5.3,-73.702,-36.825,2010-03-13,111,,0.0,,
usp000h9b5,4.3,-73.46600000000001,-36.339,2010-03-13,111,,0.0,,
usp000h9b2,4.6,-73.78399999999999,-37.286,2010-03-13,111,,0.0,,
usp000h9ax,4.7,-73.292,-37.038000000000004,2010-03-13,111,,0.0,,
usp000h9ak,4.2,-73.075,-36.368,2010-03-13,111,,0.0,,
usp000h9ag,4.4,-73.10600000000001,-37.314,2010-03-13,111,,0.0,,
usp000h9af,4.7,-73.494,-37.552,2010-03-13,111,,0.0,,
usp000h9ae,5.8,-73.465,-37.551,2010-03-13,111,,0.0,,
usp000h99y,4.4,-73.675,-38.22,2010-03-13,111,,0.0,,
usp000h99w,5.4,-73.5,-36.725,2010-03-13,111,,0.0,,
usp000h99v,5.3,-73.612,-36.685,2010-03-13,111,,0.0,,
usp000h99r,4.8,-73.809,-38.17,2010-03-13,111,,0.0,,
usp000h99g,4.4,-73.502,-37.539,2010-03-13,111,,0.0,,
usp000h9aa,4.8,-73.505,-37.279,2010-03-13,111,,0.0,,
usp000h9d5,4.5,-73.675,-37.334,2010-03-14,112,,0.0,,
usp000h9dh,4.6,-73.692,-38.374,2010-03-14,112,,0.0,,
usp000h9dg,4.9,-73.586,-38.442,2010-03-14,112,,0.0,,
usp000h9df,4.8,-73.744,-38.397,2010-03-14,112,,0.0,,
usp000h9dd,5.6,-73.53399999999999,-38.525999999999996,2010-03-14,112,,0.0,,
usp000h9dc,4.8,-73.546,-37.851,2010-03-14,112,,0.0,,
usp000h9d0,4.5,-72.985,-36.604,2010-03-14,112,,0.0,,
usp000h9c7,4.8,-73.475,-38.349000000000004,2010-03-14,112,,0.0,,
usp000h9cx,5.5,-73.653,-38.501999999999995,2010-03-14,112,,0.0,,
usp000h9bz,4.6,-73.681,-37.71,2010-03-14,112,,0.0,,
usp000h9c6,4.1,-73.35300000000001,-36.263000000000005,2010-03-14,112,,0.0,,
usp000h9cz,5.0,-73.596,-38.438,2010-03-14,112,,0.0,,
usp000h9cc,4.4,-73.821,-38.089,2010-03-14,112,,0.0,,
usp000h9cm,4.8,-73.492,-37.192,2010-03-14,112,,0.0,,
usp000h9en,5.0,-73.178,-36.075,2010-03-15,113,,0.0,,
usp000h9ev,4.5,-73.542,-37.464,2010-03-15,113,,0.0,,
usp000h9f0,4.2,-72.727,-37.053000000000004,2010-03-15,113,,0.0,,
usp000h9fj,4.2,-73.308,-36.967,2010-03-15,113,,0.0,,
usp000h9gw,4.6,-73.53399999999999,-36.092,2010-03-16,114,,0.0,,
usp000h9gg,4.5,-73.365,-36.123000000000005,2010-03-16,114,,0.0,,
usp000h9ge,4.5,-73.4,-36.141999999999996,2010-03-16,114,,0.0,,
usp000h9gb,4.9,-73.187,-36.211999999999996,2010-03-16,114,,0.0,,
usp000h9g9,4.7,-73.521,-38.126999999999995,2010-03-16,114,,0.0,,
usp000h9g8,4.2,-73.36,-36.183,2010-03-16,114,,0.0,,
usp000h9g4,4.4,-73.767,-37.196999999999996,2010-03-16,114,,0.0,,
usp000h9h1,4.0,-72.47800000000001,-36.303000000000004,2010-03-16,114,,0.0,,
usp000h9fz,4.5,-73.316,-36.184,2010-03-16,114,,0.0,,
usp000h9fy,4.0,-73.375,-36.489000000000004,2010-03-16,114,,0.0,,
usp000h9fv,5.9,-73.074,-36.405,2010-03-16,114,,0.0,,
usp000h9fu,4.8,-73.26100000000001,-36.265,2010-03-16,114,,0.0,,
usp000h9ft,4.6,-73.38600000000001,-36.196999999999996,2010-03-16,114,,0.0,,
usp000h9fs,6.7,-73.257,-36.217,2010-03-16,114,,0.0,,
usp000h9g0,4.6,-72.808,-36.193000000000005,2010-03-16,114,,0.0,,
usp000h9kj,4.6,-72.992,-37.8,2010-03-17,115,,0.0,,
usp000h9kh,4.8,-73.12,-36.896,2010-03-17,115,,0.0,,
usp000h9kd,4.4,-73.729,-36.773,2010-03-17,115,,0.0,,
usp000h9k8,4.3,-73.85300000000001,-37.189,2010-03-17,115,,0.0,,
usp000h9j3,4.5,-73.949,-37.961999999999996,2010-03-17,115,,0.0,,
usp000h9k1,4.9,-73.252,-36.16,2010-03-17,115,,0.0,,
usp000h9k6,5.0,-72.91,-36.596,2010-03-17,115,,0.0,,
usp000h9hd,4.8,-73.17399999999999,-36.143,2010-03-17,115,,0.0,,
usp000h9np,4.8,-73.726,-38.154,2010-03-18,116,,0.0,,
usp000h9kq,5.2,-72.773,-36.569,2010-03-18,116,,0.0,,
usp000h9pm,4.1,-73.372,-36.783,2010-03-19,117,,0.0,,
usp000h9pu,4.4,-73.812,-37.198,2010-03-19,117,,0.0,,
usp000h9q8,4.9,-73.721,-38.542,2010-03-19,117,,0.0,,
usp000h9qb,4.6,-73.334,-36.323,2010-03-19,117,,0.0,,
usp000h9qm,4.8,-73.33,-37.934,2010-03-20,118,,0.0,,
usp000h9qu,4.7,-74.863,-38.192,2010-03-20,118,,0.0,,
usp000h9rf,4.8,-73.048,-37.857,2010-03-20,118,,0.0,,
usp000h9rk,4.8,-73.439,-36.279,2010-03-20,118,,0.0,,
usp000h9qk,4.5,-71.664,-37.825,2010-03-20,118,,0.0,,
usp000h9t7,4.7,-73.193,-36.427,2010-03-21,119,,0.0,,
usp000h9tb,4.0,-73.28699999999999,-37.961,2010-03-21,119,,0.0,,
usp000h9tf,5.5,-73.164,-36.344,2010-03-21,119,,0.0,,
usp000h9tg,4.0,-73.078,-36.402,2010-03-21,119,,0.0,,
usp000h9tj,4.4,-73.744,-38.003,2010-03-21,119,,0.0,,
usp000h9wd,4.8,-73.77,-37.358000000000004,2010-03-23,121,,0.0,,
usp000h9vq,4.3,-73.155,-38.53,2010-03-23,121,,0.0,,
usp000h9wb,4.6,-73.438,-38.23,2010-03-23,121,,0.0,,
usp000h9x2,5.1,-73.557,-37.15,2010-03-24,122,,0.0,,
usp000h9xp,5.0,-73.52600000000001,-36.543,2010-03-24,122,,0.0,,
usp000h9yb,4.0,-73.806,-37.512,2010-03-24,122,,0.0,,
usp000h9yf,4.3,-73.494,-38.306,2010-03-25,123,,0.0,,
usp000h9zp,4.3,-72.50399999999999,-36.616,2010-03-26,124,,0.0,,
usp000ha06,4.8,-73.428,-36.613,2010-03-26,124,,0.0,,
usp000ha0t,4.4,-73.36,-39.757,2010-03-27,125,,0.0,,
usp000ha11,4.6,-73.171,-36.632,2010-03-27,125,,0.0,,
usp000ha12,4.3,-72.817,-37.394,2010-03-27,125,,0.0,,
usp000ha1s,4.5,-74.617,-39.056999999999995,2010-03-27,125,,0.0,,
usp000ha2r,5.2,-73.449,-36.139,2010-03-28,126,,0.0,,
usp000ha3a,4.6,-73.783,-38.046,2010-03-28,126,,0.0,,
usp000ha2t,4.6,-73.314,-36.038000000000004,2010-03-28,126,,0.0,,
usp000ha2j,4.3,-73.347,-36.436,2010-03-28,126,,0.0,,
usp000ha2s,4.2,-72.577,-38.251,2010-03-28,126,,0.0,,
usp000ha3n,4.8,-73.456,-37.143,2010-03-29,127,,0.0,,
usp000ha5e,4.6,-74.953,-37.929,2010-03-30,128,,0.0,,
usp000ha4j,4.6,-73.607,-36.184,2010-03-30,128,,0.0,,
usp000ha4m,4.6,-73.52,-36.141,2010-03-30,128,,0.0,,
usp000ha4z,4.7,-73.68,-37.984,2010-03-30,128,,0.0,,
usp000ha52,4.4,-73.244,-36.006,2010-03-30,128,,0.0,,
usp000ha6b,4.6,-73.747,-38.463,2010-03-31,129,,0.0,,
usp000ha6h,4.3,-73.44,-36.898,2010-04-01,130,,0.0,,
usp000ha96,6.0,-72.878,-36.227,2010-04-02,131,,0.0,,
usp000ha8z,5.1,-72.697,-36.119,2010-04-02,131,,0.0,,
usp000ha7x,4.4,-73.696,-37.121,2010-04-02,131,,0.0,,
usp000ha8c,4.8,-73.175,-36.743,2010-04-02,131,,0.0,,
usp000ha8v,4.8,-72.944,-37.283,2010-04-02,131,,0.0,,
usp000ha99,4.1,-72.995,-36.308,2010-04-03,132,,0.0,,
usp000ha9e,4.5,-73.07600000000001,-36.293,2010-04-03,132,,0.0,,
usp000ha9f,4.5,-73.178,-36.28,2010-04-03,132,,0.0,,
usp000ha9x,4.2,-72.67,-36.001,2010-04-03,132,,0.0,,
usp000ha9y,4.6,-73.298,-36.705,2010-04-03,132,,0.0,,
usp000hab9,4.2,-72.961,-36.236,2010-04-04,133,,0.0,,
usp000habm,4.0,-73.694,-38.32,2010-04-04,133,,0.0,,
usp000hajz,4.2,-72.827,-37.275999999999996,2010-04-05,134,,0.0,,
usp000haq2,4.9,-73.56,-38.15,2010-04-06,135,,0.0,,
usp000hatk,4.4,-73.911,-37.163000000000004,2010-04-07,136,,0.0,,
usp000havd,4.6,-73.238,-36.429,2010-04-07,136,,0.0,,
usp000havs,4.1,-73.40100000000001,-36.657,2010-04-07,136,,0.0,,
usp000hawj,4.5,-73.25399999999999,-37.126999999999995,2010-04-07,136,,0.0,,
usp000hayf,4.7,-74.655,-37.607,2010-04-08,137,,0.0,,
usp000haz8,4.0,-72.828,-36.946,2010-04-08,137,,0.0,,
usp000hb0b,4.8,-73.539,-36.554,2010-04-08,137,,0.0,,
usp000hb0r,4.8,-73.061,-38.102,2010-04-09,138,,0.0,,
usp000hb2m,4.9,-73.718,-38.361999999999995,2010-04-09,138,,0.0,,
usp000hb4e,4.7,-72.98100000000001,-36.593,2010-04-10,139,,0.0,,
usp000hb6c,4.8,-73.569,-37.899,2010-04-11,140,,0.0,,
usp000hb9m,4.5,-73.277,-36.543,2010-04-12,141,,0.0,,
usp000hb9g,4.1,-72.615,-37.128,2010-04-12,141,,0.0,,
usp000hbar,4.2,-73.381,-36.869,2010-04-13,142,,0.0,,
usp000hbdf,4.1,-72.955,-37.615,2010-04-15,144,,0.0,,
usp000hbej,4.6,-72.862,-36.601,2010-04-15,144,,0.0,,
usp000hbez,4.6,-73.64699999999999,-37.491,2010-04-15,144,,0.0,,
usp000hbgn,4.7,-73.61,-37.439,2010-04-16,145,,0.0,,
usp000hbgw,5.0,-73.687,-37.503,2010-04-16,145,,0.0,,
usp000hbgx,5.7,-73.732,-37.46,2010-04-16,145,,0.0,,
usp000hbh2,5.7,-73.669,-37.42,2010-04-16,145,,0.0,,
usp000hbhw,4.8,-73.392,-37.93,2010-04-17,146,,0.0,,
usp000hbjd,4.5,-73.917,-37.287,2010-04-17,146,,0.0,,
usp000hbkr,4.6,-73.544,-37.133,2010-04-18,147,,0.0,,
usp000hbkm,4.2,-73.60600000000001,-37.09,2010-04-18,147,,0.0,,
usp000hbk2,5.6,-73.753,-37.159,2010-04-18,147,,0.0,,
usp000hbk9,5.1,-73.759,-37.167,2010-04-18,147,,0.0,,
usp000hbke,4.3,-73.79899999999999,-37.4,2010-04-18,147,,0.0,,
usp000hbnd,5.2,-73.68,-37.519,2010-04-19,148,,0.0,,
usp000hbqn,4.3,-73.27,-38.56,2010-04-21,150,,0.0,,
usp000hbqq,4.7,-73.589,-37.321,2010-04-21,150,,0.0,,
usp000hbrb,4.0,-73.78399999999999,-37.184,2010-04-21,150,,0.0,,
usp000hbrd,4.2,-73.83800000000001,-37.116,2010-04-21,150,,0.0,,
usp000hbrs,4.2,-72.112,-36.205999999999996,2010-04-21,150,,0.0,,
usp000hbst,4.2,-73.642,-36.086,2010-04-22,151,,0.0,,
usp000hbtp,6.0,-72.969,-37.529,2010-04-23,152,,0.0,,
usp000hbtf,4.7,-74.926,-38.165,2010-04-23,152,,0.0,,
usp000hbt8,4.4,-73.363,-36.004,2010-04-23,152,,0.0,,
usp000hbte,4.7,-73.46,-38.083,2010-04-23,152,,0.0,,
usp000hbue,4.5,-73.163,-36.221,2010-04-24,153,,0.0,,
usp000hbuk,4.7,-73.742,-38.183,2010-04-24,153,,0.0,,
usp000hbvp,4.1,-73.64,-37.544000000000004,2010-04-25,154,,0.0,,
usp000hbvt,4.3,-72.571,-36.266,2010-04-25,154,,0.0,,
usp000hbvu,4.8,-73.595,-38.126,2010-04-25,154,,0.0,,
usp000hbw4,5.0,-72.87899999999999,-37.525999999999996,2010-04-25,154,,0.0,,
usp000hbwd,4.4,-74.217,-37.17,2010-04-25,154,,0.0,,
usp000hbxa,4.6,-73.185,-37.408,2010-04-26,155,,0.0,,
usp000hby2,4.4,-72.923,-36.183,2010-04-26,155,,0.0,,
usp000hc2b,5.1,-73.616,-36.858000000000004,2010-04-29,158,,0.0,,
usp000hc2r,5.0,-73.176,-36.852,2010-04-29,158,,0.0,,
usp000hc21,4.7,-73.675,-37.308,2010-04-29,158,,0.0,,
usp000hc2a,4.2,-73.12,-37.784,2010-04-29,158,,0.0,,
usp000hc4y,4.3,-72.99,-37.689,2010-05-01,160,,0.0,,
usp000hc50,4.4,-73.227,-37.695,2010-05-01,160,,0.0,,
usp000hc63,4.6,-74.255,-38.102,2010-05-01,160,,0.0,,
usp000hc9d,5.4,-73.686,-37.232,2010-05-03,162,,0.0,,
usp000hc9e,4.9,-73.777,-38.117,2010-05-03,162,,0.0,,
usp000hc9m,6.3,-73.454,-38.071999999999996,2010-05-03,162,,0.0,,
usp000hcag,4.5,-73.818,-37.558,2010-05-04,163,,0.0,,
usp000hca8,4.3,-73.57300000000001,-36.773,2010-05-04,163,,0.0,,
usp000hcap,4.5,-73.842,-38.376,2010-05-04,163,,0.0,,
usp000hc9q,4.5,-73.66,-38.048,2010-05-04,163,,0.0,,
usp000hc9u,4.6,-73.34,-37.483000000000004,2010-05-04,163,,0.0,,
usp000hcc8,4.2,-73.793,-37.652,2010-05-05,164,,0.0,,
usp000hcdt,4.7,-73.908,-36.757,2010-05-06,165,,0.0,,
usp000hcfm,4.3,-73.635,-37.18,2010-05-08,167,,0.0,,
usp000hch2,4.7,-73.342,-36.010999999999996,2010-05-08,167,,0.0,,
usp000hchu,4.9,-73.622,-37.509,2010-05-09,168,,0.0,,
usp000hcj3,4.8,-74.556,-36.605,2010-05-09,168,,0.0,,
usp000hcj8,4.1,-72.336,-36.334,2010-05-09,168,,0.0,,
usp000hcmw,4.2,-73.456,-37.363,2010-05-11,170,,0.0,,
usp000hcpu,4.5,-73.723,-37.128,2010-05-13,172,,0.0,,
usp000hcqm,4.4,-73.286,-37.019,2010-05-13,172,,0.0,,
usp000hcs9,4.7,-73.339,-38.124,2010-05-15,174,,0.0,,
usp000hcsz,4.5,-73.512,-36.548,2010-05-15,174,,0.0,,
usp000hcvy,4.9,-72.895,-36.633,2010-05-17,176,,0.0,,
usp000hcvt,4.6,-73.42699999999999,-37.248000000000005,2010-05-17,176,,0.0,,
usp000hcut,4.3,-73.369,-37.66,2010-05-17,176,,0.0,,
usp000hcvs,4.4,-73.84,-37.65,2010-05-17,176,,0.0,,
usp000hcw5,4.0,-73.415,-38.664,2010-05-18,177,,0.0,,
usp000hcx3,4.5,-73.736,-37.976,2010-05-18,177,,0.0,,
usp000hcy0,4.7,-73.579,-36.765,2010-05-19,178,,0.0,,
usp000hd2q,4.1,-73.086,-36.209,2010-05-23,182,,0.0,,
usp000hd34,4.4,-74.624,-37.52,2010-05-23,182,,0.0,,
usp000hd3v,4.5,-73.56,-36.662,2010-05-24,183,,0.0,,
usp000hd43,4.1,-73.334,-36.625,2010-05-24,183,,0.0,,
usp000hd44,4.3,-73.535,-36.634,2010-05-24,183,,0.0,,
usp000hd47,4.6,-72.108,-40.39,2010-05-24,183,,0.0,,
usp000hd4z,5.3,-73.10600000000001,-36.25,2010-05-24,183,,0.0,,
usp000hd5m,5.3,-72.852,-37.617,2010-05-25,184,,0.0,,
usp000hd63,4.3,-73.583,-38.062,2010-05-26,185,,0.0,,
usp000hd8y,5.2,-74.257,-37.339,2010-05-27,186,,0.0,,
usp000hdau,4.7,-73.96,-38.183,2010-05-29,188,,0.0,,
usp000hdc9,4.6,-73.575,-36.868,2010-05-29,188,,0.0,,
usp000hdce,4.2,-73.375,-36.586,2010-05-30,189,,0.0,,
usp000hde1,4.7,-73.822,-37.452,2010-05-31,190,,0.0,,
usp000hdf9,5.6,-73.505,-36.819,2010-06-01,191,,0.0,,
usp000hdfe,4.0,-73.64699999999999,-36.818000000000005,2010-06-01,191,,0.0,,
usp000hdgw,4.7,-73.765,-37.224000000000004,2010-06-03,193,,0.0,,
usp000hdmn,4.0,-72.655,-37.118,2010-06-05,195,,0.0,,
usp000hdmu,4.4,-73.419,-36.769,2010-06-05,195,,0.0,,
usp000hdmv,4.7,-72.348,-37.957,2010-06-05,195,,0.0,,
usp000hdmz,4.3,-73.105,-36.634,2010-06-06,196,,0.0,,
usp000hdpa,4.4,-73.715,-37.376,2010-06-07,197,,0.0,,
usp000hdq9,4.6,-70.77,-37.128,2010-06-08,198,,0.0,,
usp000hdst,4.3,-73.60300000000001,-37.239000000000004,2010-06-10,200,,0.0,,
usp000he39,4.4,-73.384,-36.608000000000004,2010-06-16,206,,0.0,,
usp000he4h,4.6,-70.867,-36.211,2010-06-16,206,,0.0,,
usp000he5a,4.4,-73.564,-37.458,2010-06-16,206,,0.0,,
usp000he9m,4.7,-73.5,-38.06,2010-06-19,209,,0.0,,
usp000hecz,4.7,-73.12,-38.477,2010-06-22,212,,0.0,,
usp000heeq,4.7,-73.744,-38.133,2010-06-23,213,,0.0,,
usp000hefj,5.0,-73.535,-36.875,2010-06-24,214,,0.0,,
usp000hekf,5.0,-73.48,-36.875,2010-06-27,217,,0.0,,
usp000hem7,4.3,-73.65,-38.04,2010-06-27,217,,0.0,,
usp000hemd,4.5,-74.07300000000001,-38.101,2010-06-27,217,,0.0,,
usp000hemt,4.7,-73.547,-36.57,2010-06-28,218,,0.0,,
usp000hepn,4.7,-73.173,-36.234,2010-06-29,219,,0.0,,
usp000hep7,5.5,-73.278,-37.836,2010-06-29,219,,0.0,,
usp000hes9,4.6,-73.90100000000001,-37.308,2010-07-01,221,,0.0,,
usp000hess,4.3,-73.47,-37.038000000000004,2010-07-01,221,,0.0,,
usp000hewu,4.4,-73.47800000000001,-38.353,2010-07-04,224,,0.0,,
usp000hexk,4.2,-73.635,-38.131,2010-07-05,225,,0.0,,
usp000heyb,4.3,-73.217,-37.783,2010-07-06,226,,0.0,,
usp000hf61,4.5,-73.781,-36.812,2010-07-12,232,,0.0,,
usp000hf9x,4.2,-73.60600000000001,-38.116,2010-07-14,234,,0.0,,
usp000hf9c,4.9,-73.47399999999999,-38.044000000000004,2010-07-14,234,,0.0,,
usp000hf96,4.4,-73.673,-38.12,2010-07-14,234,,0.0,,
usp000hf9k,5.8,-73.23,-38.224000000000004,2010-07-14,234,,0.0,,
usp000hf93,4.6,-73.525,-38.187,2010-07-14,234,,0.0,,
usp000hf8z,6.6,-73.31,-38.067,2010-07-14,234,,0.0,,
usp000hf8x,5.1,-73.41199999999999,-38.098,2010-07-14,234,,0.0,,
usp000hf95,4.4,-73.535,-38.015,2010-07-14,234,,0.0,,
usp000hfa8,5.0,-74.169,-38.133,2010-07-15,235,,0.0,,
usp000hfae,4.4,-73.07300000000001,-36.675,2010-07-15,235,,0.0,,
usp000hfbv,4.6,-73.146,-37.725,2010-07-16,236,,0.0,,
usp000hfc8,4.3,-73.683,-38.098,2010-07-16,236,,0.0,,
usp000hfcf,4.2,-73.357,-36.836999999999996,2010-07-17,237,,0.0,,
usp000hfdk,5.0,-73.83800000000001,-41.946999999999996,2010-07-18,238,,0.0,,
usp000hfqw,5.0,-73.844,-37.28,2010-07-18,238,,0.0,,
usp000hg70,4.0,-73.63600000000001,-38.069,2010-07-20,240,,0.0,,
usp000hg87,4.9,-73.066,-37.357,2010-07-20,240,,0.0,,
usp000hgfk,4.2,-72.804,-37.265,2010-07-22,242,,0.0,,
usp000hgkf,4.4,-73.541,-37.019,2010-07-23,243,,0.0,,
usp000hh3j,4.7,-72.931,-38.952,2010-07-29,249,,0.0,,
usp000hh5j,5.1,-73.642,-37.425,2010-07-30,250,,0.0,,
usp000hh9b,4.0,-73.226,-36.772,2010-08-01,252,,0.0,,
usp000hhaw,4.2,-73.65899999999999,-38.358000000000004,2010-08-01,252,,0.0,,
usp000hhc4,4.6,-72.953,-36.655,2010-08-02,253,,0.0,,
usp000hhh4,4.8,-73.645,-36.733000000000004,2010-08-04,255,,0.0,,
usp000hhjw,4.1,-73.54899999999999,-36.744,2010-08-05,256,,0.0,,
usp000hhjy,5.9,-73.281,-37.443000000000005,2010-08-05,256,,0.0,,
usp000hhk0,5.4,-73.32300000000001,-37.431999999999995,2010-08-05,256,,0.0,,
usp000hhk1,4.7,-73.449,-37.501,2010-08-05,256,,0.0,,
usp000hhm1,4.6,-73.521,-37.51,2010-08-05,256,,0.0,,
usp000hhpa,5.0,-73.501,-38.255,2010-08-06,257,,0.0,,
usp000hhqv,4.3,-73.806,-37.226,2010-08-07,258,,0.0,,
usp000hhtq,4.5,-73.3,-37.664,2010-08-09,260,,0.0,,
usp000hhtg,5.0,-73.149,-38.717,2010-08-09,260,,0.0,,
usp000hj1a,4.3,-73.428,-37.085,2010-08-13,264,,0.0,,
usp000hj3m,4.2,-73.794,-37.888000000000005,2010-08-14,265,,0.0,,
usp000hj7w,5.2,-71.101,-36.814,2010-08-15,266,,0.0,,
usp000hjag,4.7,-73.469,-38.010999999999996,2010-08-16,267,,0.0,,
usp000hjbc,4.5,-73.939,-37.158,2010-08-17,268,,0.0,,
usp000hjcs,4.9,-74.214,-37.166,2010-08-18,269,,0.0,,
usp000hjh7,4.5,-73.069,-36.805,2010-08-20,271,,0.0,,
usp000hjkm,4.0,-73.257,-39.075,2010-08-22,273,,0.0,,
usp000hjkp,5.0,-73.718,-36.532,2010-08-22,273,,0.0,,
usp000hjpb,4.3,-74.54899999999999,-37.289,2010-08-24,275,,0.0,,
usp000hjs6,4.6,-73.082,-38.010999999999996,2010-08-25,276,,0.0,,
usp000hjv1,4.4,-73.80199999999999,-37.894,2010-08-28,279,,0.0,,
usp000hjwm,4.1,-74.747,-37.94,2010-08-29,280,,0.0,,
usp000hjwq,4.7,-73.441,-37.650999999999996,2010-08-29,280,,0.0,,
usp000hjyr,4.3,-73.382,-37.363,2010-08-30,281,,0.0,,
usp000hk32,4.2,-72.748,-36.882,2010-09-03,285,,0.0,,
usp000hk5f,4.4,-73.318,-36.63,2010-09-03,285,,0.0,,
usp000hk5q,4.4,-73.153,-36.702,2010-09-03,285,,0.0,,
usp000hk5u,3.5,-73.402,-36.64,2010-09-04,286,,0.0,,
usp000hkar,5.0,-73.423,-37.785,2010-09-06,288,,0.0,,
usp000hkcx,4.7,-74.001,-37.641999999999996,2010-09-07,289,,0.0,,
usp000hkg9,6.2,-73.41199999999999,-37.034,2010-09-09,291,,0.0,,
usp000hkk9,4.4,-73.80199999999999,-37.357,2010-09-11,293,,0.0,,
usp000hkqq,4.2,-73.717,-37.205,2010-09-14,296,,0.0,,
usp000hkpm,5.1,-74.392,-37.522,2010-09-14,296,,0.0,,
usp000hkpj,5.2,-73.524,-37.221,2010-09-14,296,,0.0,,
usp000hkph,4.3,-74.006,-37.272,2010-09-14,296,,0.0,,
usp000hkpk,4.4,-74.235,-36.984,2010-09-14,296,,0.0,,
usp000hkua,5.1,-73.59899999999999,-37.506,2010-09-17,299,,0.0,,
usp000hm3c,4.4,-72.876,-36.718,2010-09-23,305,,0.0,,
usp000hm60,4.9,-74.956,-39.625,2010-09-25,307,,0.0,,
usp000hm6j,5.0,-72.765,-40.459,2010-09-26,308,,0.0,,
usp000hmcc,5.8,-74.256,-36.249,2010-09-30,312,,0.0,,
usp000hmcg,4.6,-72.983,-37.991,2010-09-30,312,,0.0,,
usp000hmfb,4.4,-73.556,-36.637,2010-10-01,313,,0.0,,
usp000hmm0,5.0,-73.293,-36.364000000000004,2010-10-04,316,,0.0,,
usp000hmm2,4.1,-73.581,-36.501999999999995,2010-10-04,316,,0.0,,
usp000hmwa,4.3,-74.774,-37.775,2010-10-09,321,,0.0,,
usp000hn0m,4.8,-73.71,-36.801,2010-10-12,324,,0.0,,
usp000hn0q,4.3,-74.086,-37.101,2010-10-12,324,,0.0,,
usp000hn17,4.7,-73.96600000000001,-38.028,2010-10-12,324,,0.0,,
usp000hn2n,4.4,-72.75399999999999,-36.044000000000004,2010-10-13,325,,0.0,,
usp000hnek,5.5,-73.362,-37.743,2010-10-23,335,,0.0,,
usp000hner,5.1,-73.41,-36.779,2010-10-23,335,,0.0,,
usp000hneu,4.9,-73.60300000000001,-37.109,2010-10-23,335,,0.0,,
usp000hnf3,4.7,-73.428,-36.835,2010-10-23,335,,0.0,,
usp000hnhj,4.4,-73.507,-36.135,2010-10-25,337,,0.0,,
usp000hnpk,4.4,-73.59,-37.187,2010-10-28,340,,0.0,,
usp000hnsm,4.4,-73.403,-36.177,2010-10-30,342,,0.0,,
usp000hnwu,4.5,-71.779,-36.408,2010-11-02,345,,0.0,,
usp000hp3w,4.6,-72.558,-36.135,2010-11-05,348,,0.0,,
usp000hpaw,4.4,-73.928,-42.611999999999995,2010-11-09,352,,0.0,,
usp000hpbq,5.0,-73.362,-36.438,2010-11-10,353,,0.0,,
usp000hpe9,4.1,-73.619,-37.599000000000004,2010-11-11,354,,0.0,,
usp000hph2,4.0,-73.085,-36.234,2010-11-13,356,,0.0,,
usp000hpq0,4.1,-72.91,-36.173,2010-11-15,358,,0.0,,
usp000hprq,4.5,-70.995,-36.441,2010-11-16,359,,0.0,,
usp000hpvk,4.4,-73.986,-37.909,2010-11-20,363,,0.0,,
usp000hpvs,5.2,-73.688,-37.958,2010-11-20,363,,0.0,,
usp000hpxk,4.0,-74.268,-37.583,2010-11-21,364,,0.0,,
usp000hqmg,4.8,-73.723,-37.454,2010-12-07,380,,0.0,,
usp000hqtn,4.7,-73.529,-37.045,2010-12-11,384,,0.0,,
usp000hqxc,4.5,-72.108,-40.491,2010-12-14,387,,0.0,,
usp000hr1v,4.3,-73.726,-37.722,2010-12-17,390,,0.0,,
usp000hr5d,4.5,-73.235,-36.492,2010-12-19,392,,0.0,,
usp000hrgh,4.0,-73.333,-42.262,2010-12-22,395,,0.0,,
